  Name  nsuef,Email Addresshbjjb ,Salt %^bh ,Date of Birth   
Shanice O'Connor,Shanice.OConnor@KKHAIREMPORIUM.COM,e805da846a32c3bb,1958/11/24
Renée Lewis,RENE.LEWIS@kandk-hair.co,78dcb74f21345d2c,1996/12/28
Rohan Williams,Rohan.Williams@kkhairemporium.com,f244f58d669cbee3,1960/09/29 
Devon Baptiste,Devon.Baptiste.442@loyalty.kkhair.com,e4d58e72e310275d,1974/03/06
Devon Baptiste,Devon.Baptiste@KKHAIREMPORIUM.COM,a86a78c49ea20e32,2000/5/20
Khadija Baptiste,KHADIJA.BAPTISTE@loyalty.kkhair.com,b4d419b1b673bd47,1970/11/19
 Tia Brathwaite  ,Tia.Brathwaite@mail.kkhair.net,3c681d06bd2aa399,1984/04/06
Khadija Baptiste,Khadija.Baptiste@loyalty.kkhair.com,2ed6cfc7403d75e1,1965/11/20
Tyrone Campbell,Tyrone.Campbell@loyalty.kkhair.com,d7f78df0cac5e40c,1957-06-07
Kareem Campbell,KAREEM.CAMPBELL@KANDK-HAIR.CO,359309cc6273931b,1988-03-30
Mikaël Greenidge,Mikal.Greenidge@kkhairemporium.com,7ffe0297c79bfbda,1995/9/16
Dwayne  Clarke,Dwayne.Clarke-715@kandk-hair.co,18f32cf21449273d,1975/04/01
Andre Campbell,Andre.Campbell_947@loyalty.kkhair.com,99e3e9c8fe21da80,2006/08/09
José Baptiste,JOS.BAPTISTE@mail.kkhair.net,bfe16849ef307590,1963/05
Sade  Núñez,Sade.Nez@mail.kkhair.net,fcc4f14a3e3e04d4,1978/10/11 
D’Andre Morris,DANDRE.MORRIS@KANDK-HAIR.CO,eb9d8e96cf37cb__,1990/7/5
Keisha Núñez,Keisha.Nez.898@loyalty.kkhair.com,7cb2c083eb8cb3__,1984/06/05
Kirsten Ramdeen,Kirsten.Ramdeen-631@mail.kkhair.net,63e2601a7462667a,1955/4/3
Zoë Forde,Zo.Forde.227@kkhairemporium.com,ac9ed336de7daecd,1983/01/15
Noël De la Cruz,Nol.Cruz-615@loyalty.kkhair.com,d080589ab054c240,2002/08
Dwayne De la Cruz,DWAYNE.CRUZ-614@kkhairemporium.com,c7b2c1d0e2adcd93,1984/02
Kareem O'Connor,Kareem.OConnor-203@kandk-hair.co,2fe981b29ee11b92,1963/02/06
Marlon St. Clair,Marlon.Clair-940@loyalty.kkhair.com,29ca42db0b956af6,1967/05
Marlon Charles,Marlon.Charles@kandk-hair.co,,
Marlon Grant,MARLON.GRANT@kkhairemporium.com,0cf1cb80b2b73a41,1985/05/16
Latoya Lewis De la Cruz,Latoya.Cruz@loyalty.kkhair.com,59a32a99ed5ebe1b,1994/1/8
Kofi Williams,Kofi.Williams@kandk-hair.co,69f6342e5e2ab299,1970/08/14
Khadija Best,Khadija.Bestkkhairemporium.com,a7b92868492545a1,1957-07-18
Kofi Williams,KOFI.WILLIAMS@mail.kkhair.net,a65fef9f02ce76%^,1997/3/21
Tanesha García,Tanesha.Garca@@mail.kkhair.net,a5c9af9f0ba3d90f,2006/11/24
Khadija Dottin,Khadija.Dottin@kandk-hair.co,,
Shanice Charles,Shanice.Charles@mail.kkhair.net,1cf591093a9ef4e8,1965/02/08 
Tanesha Alleyne,Tanesha.Alleyne@kkhairemporium.com,9b774f4ebdf672eb,2005-08-12
Devon Morris,Devon.Morris-837@kkhairemporium.com,f19d54dbcecc24b3,2003/03/14
Kofi Morris,Kofi.Morris@ kkhairemporium.com,47d9815df1bcadd4,1971/07/01
 Sofía Greenidge  ,Sofa.Greenidge-387@@kkhairemporium.com,b98bfe3fa6bad1__,2006/12/16
Chloë Morris,Chlo.Morris@kkhairemporium.com,ff00d00890d53347,2002/3/25
Devon Jean-Baptiste,Devon.Jean-Baptiste@mail.kkhair.net,7cac42b13d72aca0,1995/06/03
Jamal Forde Brathwaite,JAMAL.BRATHWAITE-460@MAIL.KKHAIR.NET,425d8d9f2b87f6e3,1955/08/10
Sade Alleyne,Sade.Alleyne@kandk-hair.co,fcd1b237b51cad30,1974/12/01
Jermaine O'Connor,JERMAINE.OCONNOR@kkhairemporium.com,e7c55dc06edc0668,1960/08/12
Anaïs De la Cruz,ANAS.CRUZ_321@KKHAIREMPORIUM.COM,55f945ae1b0f46cf,1999/02/11
Rashida García,RASHIDA.GARCA@domain_with_space.mail.kkhair.net,76bd54661b85a998,2001/02/24
José Núñez,Jos.Nez@kkhairemporium.com,4fa113e035ee0d64,1982/01
 Khadija De la Cruz  ,Khadija.Cruz-711@kandk-hair.co,44205eb64de62343,1989/06/14 
Latoya Alleyne,Latoya.Alleyne@kkhairemporium.com,08611c9ddc248292,1973/03/25
Kareem Joseph,Kareem.Joseph@LOYALTY.KKHAIR.COM,2feb1f5b58337010,1997/04/28 
 Jéssica Jean-Baptiste  ,Jssica.Jean-Baptiste@@loyalty.kkhair.com,c9367df148217dbe,1962/08/14
Jamal Williams,Jamal.Williams-988@kandk-hair.co,7bc19850ce73e3ZZ,1966/09
Rohan Núñez,Rohan.Nez.632@kandk-hair.co,bac850a7081fb753,1976/8/20
Marlon  Singh,Marlon.Singh@kandk-hair.co,bc3a9a45dfa5b75c,1981-06-03
Jermaine Clarke,Jermaine.Clarke@KKHAIREMPORIUM.COM,190a832a5c522af0,1969/10/20
Anaïs De la Cruz,Anas.Cruz@loyalty.kkhair.com,c5bcb5e18ee87814,1963-09-04
Aaliyah Browne,AALIYAH.BROWNE@mail.kkhair.net,0d3d443339bd8c%^,1991-02-25
Jéssica García,Jssica.Garca-217@mail.kkhair.net,6171e1b68bec307b,1995/01
Noël Dottin,NOL.DOTTIN_616@kkhairemporium.com,c30b993f2a8a8896,1976/07/23
Sofía De la Cruz,Sofa.Cruz@,9e3f12f63c9d1446,2006/01/31
Tia  Best,Tia.Best-973@kkhairemporium.com,ead4afb65c077460,1970-02-28
Renée Joseph,Rene.Joseph@kkhairemporium.com,1f6fa70023f42238,1995/12/23
Kareem García,Kareem.Garca@mail.kkhair.net,4ff3de128a07a3d7,1989-07-12
Sade  Johnson,Sade.Johnson@KKHAIREMPORIUM.COM,7eafbe3370ab9b31,1999-03-06
Zoë Morris,Zo.Morris@kandk-hair.co,a9e44d9a6669b45a,1986/08/08
Tyrone  García  Pérez,Tyrone.Prez@kkhairemporium.com,b669e52553c1d884,1977-11-17
Keisha Holder,Keisha.Holder@kandk-hair.co,90bef196a2350266,1993/01/21
 Kirsten Brathwaite St. Clair  ,Kirsten.Clair.600@KKHAIREMPORIUM.COM,49b04310c296b6d4,1974/10/22
Mikaël Thompson,Mikal.Thompson@,afeeb9f352846822,2000/07/02
Noël Pérez,Nol.Prez_184@,bcfe11a3885ccb28,1974/12/30
Zoë Johnson,ZO.JOHNSON-23@kandk-hair.co,,
José Joseph,Jos.Joseph@loyalty.kkhair.com,c6adb34d88db8c6d,2005/01/08
 Latoya Núñez  ,Latoya.Nez@#.kkhairemporium.com,751b70528cbcc602,2004/4/22
Tanesha Hernández,Tanesha.Hernndez@domain_with_space.mail.kkhair.net,,
Tanesha Alleyne,Tanesha.Alleyne@MAIL.KKHAIR.NET,3ab85878fab5fd6d,1988/05/26 
Rashida Jean-Baptiste,Rashida.Jean-Baptiste-488@kkhairemporium.com,9bafe2c9e45adc22,1975/6/23
Rashida Morris-Best,Rashida.Morris-Best@kkhairemporium.com,afe8e45ed9bf72e9,1978/04
 Anaïs Alleyne  ,Anas.Alleyne@loyalty.kkhair.com,f6a041053984e072,1999/04
Khadija De la Cruz,KHADIJA.CRUZ@loyalty.kkhair.com,c701f4b275f2a11b,2003/02/13
Devon Browne,DEVON.BROWNE@kandk-hair.co,,
Kareem Charles,Kareem.Charles@kkhairemporium.com,7c6675d3bed355ca,2002/11/24
Shanice Grant,Shanice.Grant@loyalty.kkhair.com,af5f391c21abdd37,1956/01/10
Tyrone Williams,TYRONE.WILLIAMS@loyalty.kkhair.com,8da23ddbb6ab095b,1994/09/03
Rashida Baptiste,Rashida.Baptiste@mail.kkhair.net,02c8b309c7c3af25,1996/02/02
Tyrone Brathwaite,Tyrone.Brathwaite@kandk-hair.co,d45a235a40add9e8,1971-11-11
Rohan Campbell-Pérez,Rohan.Campbell-Prez@,13ee17c1c169ec99,1992/11/25
Sade St. Clair,SADE.CLAIR@kkhairemporium.com,45451d99e95346%^,1999/09/26
Chloë Holder Hernández,CHLO.HERNNDEZ@kkhairemporium.com,c2d29f438ad66132,1980/10/06
Kirsten  Best-Holder,Kirsten.Best-Holder@LOYALTY.KKHAIR.COM,aff14f4eaed19a06,1984/10/04
Anaïs Grant,Anas.Grant@kandk-hair.co,9a43461ec30912ae,1964/04/01
Khadija Johnson,Khadija.Johnson.824@loyalty.kkhair.com,dc5eb9a62e42e3e9,1996/10/02
Sade Charles,SADE.CHARLES@mail.kkhair.net,,
  José  Núñez    ,Jos.Nez@mail.kkhair.net,7dcacccd65f46cbd,1966-04-06
Tanesha  Best,TANESHA.BEST-722loyalty.kkhair.com,27f291a0fefadb99,1982/04/12
Renée Greenidge,Rene.Greenidge@kandk-hair.co,b18315ecf9f7ccf8,1994-01-01
Anaïs Forde-Williams,ANAS.FORDE-WILLIAMS@LOYALTY.KKHAIR.COM,53589e2e8da85281,1984/11/04
Keisha Forde,Keisha.Forde@@KANDK-HAIR.CO,ffdc270cf3ba9c12,1985-07-05
Chloë Grant,CHLO.GRANT@KKHAIREMPORIUM.COM,7214f0f17405193e,1960/09/26
 Jermaine Campbell  ,Jermaine.Campbell@MAIL.KKHAIR.NET,d7515f29bd07633b,2003/06/03
Sofía Charles,Sofa.Charles_739@mail.kkhair.net,c72ff1d46e5cb4e6,1979/03
 Latoya García  ,Latoya.Garca@kandk-hair.co,0d64b9720f95e0ee,1991/05
Mikaël Morris,Mikal.Morris@kandk-hair.co,bef3f9eb26e22c59,1961-11-26
Anaïs Joseph,Anas.Josephloyalty.kkhair.com,595545731a4e8b56,1958/02/10
Latoya Hernández,Latoya.Hernndez@kandk-hair.co,1678602e2c6fa1bc,1993/05/13 
 Noël Joseph  ,NOL.JOSEPH@kkhairemporium.com,99fe700489f39d5f,1976-12-15
Andre Grant,Andre.Grant.188@kkhairemporium.com,bfda5364763de234,1998/01/07 
Keisha  Clarke,Keisha.Clarke.526@kkhairemporium.com,65b0248bb5723066,1970/05/30
Jamal Greenidge,JAMAL.GREENIDGE@kkhairemporium.com,f3ce234cc352b6a6,1991-04-09
 Anaïs Forde  ,ANAS.FORDE@loyalty.kkhair.com,f8a01d3ceacee115,1982/03/10
Andre Clarke,Andre.Clarke@kkhairemporium.com,293a50a1edd80f0a,1990/1/6
Devon Alleyne,Devon.Alleyne@kkhairemporium.com,,
Kirsten van der Kringle,Kirsten.Kringle-675@KANDK-HAIR.CO,38f273aac7d64356,1994/06/05
Tanesha Charles,Tanesha.Charles@kkhairemporium.com,d182ffdad3582bda,1957/06/15
Anaïs Brathwaite,ANAS.BRATHWAITE-968@KANDK-HAIR.CO,def376689fc4d669,1971/12/28
José Best,Jos.Best-954@,42ad483a14f8bd98,1978/08/30
Mikaël Núñez,Mikal.Nez@mail.kkhair.net,605d27f3a093cb3a,1962/04/10
Rashida Singh,RASHIDA.SINGH@mail.kkhair.net,94b3b6fecf8d2db5,1993-03-21
Dwayne Ramdeen-Forde,Dwayne.Ramdeen-Forde@mail.kkhair.net,d9aee8a565283d00,1956/03
Rohan Forde,Rohan.Forde_925@kandk-hair.co,f91fcff710da28df,1986/02/09
D’Andre Baptiste,DAndre.Baptiste@KKHAIREMPORIUM.COM,0b8b5512ad3737f8,1986/11/14
Tyrone van der Kringle,Tyrone.Kringle@MAIL.KKHAIR.NET,74dddeb0e4022aac,1969/09/28
Kofi Pérez,Kofi.Prez@mail.kkhair.net,9629a500879d31b8,1986-10-20
 Anaïs Best  ,ANAS.BEST@mail.kkhair.net,e436ef15b3d33b91,1965/07/25 
Latoya Ramdeen,Latoya.Ramdeen@kandk-hair.co,e8250932616f0350,1973/06
Aaliyah Lewis,Aaliyah.Lewis@kkhairemporium.com,a8c31677fc381aZZ,1991/07/23
 Sofía Charles  ,Sofa.Charles@loyalty.kkhair.com,915292c348d6aa8e,1983/11/09 
Aaliyah  García,Aaliyah.Garca@kandk-hair.co,fb18f606c38f5652,1960-11-01
Andre Lewis,ANDRE.LEWIS@loyalty.kkhair.com,230fd0a873f7a1a7,1994/05/05
Shanice Greenidge,Shanice.Greenidge@loyalty.kkhair.com,2648bdfe5741149d,1987/2/4
 Chloë Núñez  ,Chlo.Nez@mail.kkhair.net,ac6c50b02b0349e6,1987-04-16
Sade Núñez,Sade.Nez@kandk-hair.co,4a7184f62f25cbfe,1988/07/17
Tanesha Charles,Tanesha.Charles@domain_with_space.kandk-hair.co,b29287332b16a6a8,1979/08
D’Andre Forde,DAndre.Forde@kandk-hair.co,ba7ddc9a0144acc6,1960/09/18
Rohan Campbell,ROHAN.CAMPBELL@kkhairemporium.com,f596e8604e2c7afe,1958/07/04
Tanesha Hernández,Tanesha.Hernndez@kandk-hair.co,ecac6c10834aefe2,1976/09/26
José Morris,Jos.Morris.831@kkhairemporium.com,620d00a6273551d3,1983/12/13
Kareem Morris Campbell,Kareem.Campbell@KANDK-HAIR.CO,7070397d7214bf96,1973/05/03
 Sade Browne  ,Sade.Browne_54@#.KANDK-HAIR.CO,7d5799e68f2bcc5f,2000/05/01
 Rohan Williams  ,Rohan.Williams@loyalty.kkhair.com,bfb1cd77f1b048e4,2006/11/20
Jamal van der Kringle,Jamal.Kringle@kandk-hair.co,55b546f53e656156,1991/09/04
D’Andre  Morris,DAndre.Morris@#.loyalty.kkhair.com,a30ec40387befd60,1983-11-27
Dwayne García,Dwayne.Garca-978@kkhairemporium.com,878f34f2a72accd7,1965/5/18
D’Andre De la Cruz,DAndre.Cruz@kkhairemporium.com,,
Jermaine van der Kringle,JERMAINE.KRINGLE@kandk-hair.co,f513ad4c7137cf95,1988/09/04
D’Andre Ramdeen,DANDRE.RAMDEEN@KANDK-HAIR.CO,a31465281239b5d0,1959/02/21
Rohan Ramdeen,Rohan.Ramdeen-267@mail.kkhair.net,4adc072833d2a2ba,1968/02/16
Rashida Singh,Rashida.Singh@KANDK-HAIR.CO,29da222725129f0d,1967/03/29
Andre Best,Andre.Best@kandk-hair.co,c691ef1b0ea9b30b,1971/09/14
Jermaine De la Cruz,Jermaine.Cruz@loyalty.kkhair.com,156f83dff4acc433,1966/04
Noël Lewis,Nol.Lewis.802@kkhairemporium.com,4d0621cd977adf1d,1982-04-19
  Kareem  Brathwaite    ,Kareem.Brathwaite@kandk-hair.co,66e32a9f64146d8b,1995/03/27
Rashida Dottin,Rashida.Dottin.224@kkhairemporium.com,1484817630bba284,1981/6/16
Tyrone Hernández,TYRONE.HERNNDEZ@ kandk-hair.co,d7ec3403cc030147,1979-01-05
Jamal Clarke,JAMAL.CLARKE@mail.kkhair.net,c3f53739b2a3b214,2002/08/04 
 Kirsten O'Connor  ,Kirsten.OConnor-362@loyalty.kkhair.com,d727b060bf431bb4,1967/12/07
 Shanice Williams  ,SHANICE.WILLIAMS@mail.kkhair.net,11550cde897d582c,1966/03/24
Shanice Campbell,SHANICE.CAMPBELL@loyalty.kkhair.com,290b9c6acb43ad%^,1997/10/15
Andre Hernández,Andre.Hernndez@kkhairemporium.com,bb225e8f8e43f1b9,1966/07/28
Kareem Greenidge,Kareem.Greenidge_750@kkhairemporium.com,4f46a1c1bdf6160d,1970-10-19
José Best,Jos.Best.204@kkhairemporium.com,d80e4e3166d5c6b6,2006/10/01
Kirsten Alleyne,Kirsten.Alleyne@kkhairemporium.com,e19d67ec36f3be%^,1975/02/02
 Kofi van der Kringle  ,Kofi.Kringle@mail.kkhair.net,5a6220d0402c04eb,1974/11/23
 Tia Johnson  ,TIA.JOHNSON@kkhairemporium.com,058360046b360a47,1966/5/10
Kirsten Hernández,Kirsten.Hernndez@kkhairemporium.com,d5b726bb4a30a0a6,1983/11/06
Aaliyah Singh,Aaliyah.Singh@kkhairemporium.com,bc2af1c9ef3b3071,1967-06-13
Sade Jean-Baptiste,Sade.Jean-Baptiste@mail.kkhair.net,2b7622f1606ec6f3,2002/05/03
Noël Ramdeen,NOL.RAMDEEN@kandk-hair.co,cda1e8b31cd696c5,2002/07/05
Tia Alleyne,TIA.ALLEYNE@kandk-hair.co,55ae40fda058250b,1955/02/02
Anaïs Holder,ANAS.HOLDER@mail.kkhair.net,db626c38e58bacd8,1958/09/08
D’Andre Grant Morris,DAndre.Morris@#.kkhairemporium.com,42846d2971fb7cdc,1963/10/21
José Brathwaite,Jos.Brathwaite@mail.kkhair.net,b491c4c0ee12183a,1981/01/25
Mikaël Johnson,MIKAL.JOHNSON.455@MAIL.KKHAIR.NET,756ff993fb8cc3ed,1968-04-17
Tia Joseph De la Cruz,Tia.Cruz@kandk-hair.co,bc2105733ffa7735,1989/06/16
Marlon Thompson,Marlon.Thompson@kkhairemporium.com,2a5f66fbb42edc22,2001/5/28
Chloë Clarke Greenidge,Chlo.Greenidge.837@loyalty.kkhair.com,2f48131f7bdf97ZZ,2002/12/04
Shanice Campbell,Shanice.Campbell@KKHAIREMPORIUM.COM,794cf32286fb7e9b,1981/04/04
Chloë Dottin,Chlo.Dottin-603@mail.kkhair.net,76c5d191b0a860ad,1960/02/15
Devon Alleyne Lewis,DEVON.LEWIS@kkhairemporium.com,6d128a2e5888f475,1959/06
Marlon Thompson,Marlon.Thompson@MAIL.KKHAIR.NET,4036ab6c14c227d3,2002/05/07
Kofi Campbell,Kofi.Campbell@kandk-hair.co,65e053d8f341d052,2002/06/27
Jermaine Núñez,Jermaine.Nez@mail.kkhair.net,d9aca5416d8a3b95,1979/07/27
Kareem Thompson,Kareem.Thompson@kandk-hair.co,83b272a5a8e2a1d3,2001/10/7
Rohan van der Kringle,Rohan.Kringle@kkhairemporium.com,cbf93739dea7d35e,1965/03/09 
Tia Lewis,Tia.Lewis@kkhairemporium.com,65c795bad670103c,1958/10
D’Andre Brathwaite,DAndre.Brathwaite@kkhairemporium.com,fcb3e70c7ebf39a4,1962-07-03
Jéssica Charles,Jssica.Charles@loyalty.kkhair.com,f4dc093d98ab5496,1988/04/22
José Johnson,JOS.JOHNSON@kandk-hair.co,c86243685834ca8f,1955/03/29
Jéssica Alleyne,Jssica.Alleyne@kkhairemporium.com,50bebd66cb506e%^,1984-06-19
Mikaël St. Clair,MIKAL.CLAIR-855@kkhairemporium.com,a5b0cd1264825e18,2000/05/07
 Rohan van der Kringle  ,Rohan.Kringle@kandk-hair.co,6598e82fbbbe51c4,1973/11/24
Latoya Williams,Latoya.Williams@KKHAIREMPORIUM.COM,50eedcf78bafc917,2000-06-25
 Jermaine Alleyne  ,Jermaine.Alleyne@loyalty.kkhair.com,fc6fce73c4a4ca9d,2002-12-01
Kirsten Williams,Kirsten.Williams-184kandk-hair.co,4ce0fcd19d83ebfa,1987-09-25
Renée Holder,RENE.HOLDER@loyalty.kkhair.com,c752344fd8be7e12,1958-06-08
José Pérez Ramdeen,Jos.Ramdeen@kandk-hair.co,a729edacf0aaabe4,1999/10
Kirsten Dottin-Grant,Kirsten.Dottin-Grant@kandk-hair.co,5cdb6d8ab3ac7cfe,1995/04
Zoë Best,Zo.Best@mail.kkhair.net,75f6a49206ee7e75,1999/11/17
Dwayne Pérez,Dwayne.Prez@MAIL.KKHAIR.NET,683a2ef78a9eae88,1967-07-25
Dwayne Williams,Dwayne.Williams@mail.kkhair.net,c02a79674836bfe0,2002/01/08
Marlon St. Clair,MARLON.CLAIR@loyalty.kkhair.com,fe31a26f3e2f636f,1955/11/11
Tanesha Jean-Baptiste,TANESHA.JEAN-BAPTISTE@mail.kkhair.net,d93ea5637699af39,1973/11/12
Zoë Holder,ZO.HOLDER@mail.kkhair.net,6689b0adca66e832,1984/03/14
Sade Dottin,Sade.Dottin@kandk-hair.co,65ae7eba688043dd,1998/08/19
Rashida Dottin,Rashida.Dottin@mail.kkhair.net,aed0c90c007ad487,1984/04/20
Keisha Brathwaite,Keisha.Brathwaite@kandk-hair.co,6c1eec66c3253563,1987/02/25
Kirsten Jean-Baptiste,Kirsten.Jean-Baptiste@MAIL.KKHAIR.NET,1169bd5d5545b350,1982/06/17
Keisha Johnson,KEISHA.JOHNSON@mail.kkhair.net,b3ff64744723c937,1971/07/25
Aaliyah Alleyne,Aaliyah.Alleyne@@mail.kkhair.net,bd0437e3394b9ed2,2000/04
Marlon García,Marlon.Garca@mail.kkhair.net,9621d44f57c5dc67,1961/04
Tyrone Forde,Tyrone.Forde@kkhairemporium.com,2b7fdd13888ad8__,1998/07
Kareem van der Kringle,Kareem.Kringle@mail.kkhair.net,bb78e1ae856acb5f,1984/12/10 
Aaliyah Brathwaite-Thompson,Aaliyah.Brathwaite-Thompson@kandk-hair.co,c392a7e17480f777,1994/07/04
D’Andre Pérez,DAndre.Prez@LOYALTY.KKHAIR.COM,7b7e81eefd250e1b,1968-04-07
 Renée Ramdeen  ,Rene.Ramdeen@ loyalty.kkhair.com,550f3a23ccdcf4a5,1986/11
Jamal Browne Charles,Jamal.Charles@#.loyalty.kkhair.com,e54e013993b553f6,1985/04/08
Jamal Jean-Baptiste,Jamal.Jean-Baptiste@mail.kkhair.net,f3afc9f9116295a1,1959/03/27
Mikaël St. Clair,Mikal.Clair@loyalty.kkhair.com,968d0ddc86f80c1e,1975-01-02
Latoya Baptiste,LATOYA.BAPTISTE.826@kkhairemporium.com,be61cc492756aeZZ,2002/6/2
Anaïs Alleyne,ANAS.ALLEYNE@kkhairemporium.com,b7495c85b0d941ed,2003/07/31
Devon Thompson,Devon.Thompson@mail.kkhair.net,a5cd5e06c584c64d,1977/01/16
Dwayne García-Singh,Dwayne.Garca-Singh@KANDK-HAIR.CO,cfcf50be5e0fbaZZ,1981/12/03
 Latoya Brathwaite  ,Latoya.Brathwaite@mail.kkhair.net,cc18cabdda4b86f9,1995/05/12
Noël Núñez,Nol.Nez@mail.kkhair.net,20d7612ca6f6f5f9,1960/06/30
Zoë Campbell,ZO.CAMPBELL@@KANDK-HAIR.CO,aebfbf9fa6751bde,1984/02/06
Latoya Williams,LATOYA.WILLIAMS.285@kandk-hair.co,f6df095a9d349ab4,1997-06-25
Sade Joseph,Sade.Joseph@mail.kkhair.net,0abf48afa6639169,1988/09/25
Jamal Núñez,Jamal.Nez@kandk-hair.co,c0dac5a19a114f22,1964/03/04
Jamal Dottin,JAMAL.DOTTIN@kkhairemporium.com,cc09f0d216167f0b,1988/01/10
Chloë Grant,CHLO.GRANT@MAIL.KKHAIR.NET,9065a6fcaec5ff97,1964/08/15
Mikaël Johnson,MIKAL.JOHNSON@kandk-hair.co,880f2462cc01fded,1956/03/10
Aaliyah Holder,Aaliyah.Holder.655@loyalty.kkhair.com,4abee51a4a546c2d,1999/12/25
Chloë van der Kringle,Chlo.Kringle_915@kkhairemporium.com,65228e3dbc09acb6,1997/12/03
Latoya Dottin,Latoya.Dottin.851@kkhairemporium.com,40e25e8c183f5e__,1984/09/24
Jamal Browne,Jamal.Browne@mail.kkhair.net,8bfc74305256eb__,1971/08/23
D’Andre Thompson,DANDRE.THOMPSON-567@KKHAIREMPORIUM.COM,06bce74fd579f2d0,2005-05-23
Sade Charles,Sade.Charles@loyalty.kkhair.com,d88d6496ba6e5397,1985/04
Devon García,Devon.Garca-644@mail.kkhair.net,3d61103a89d7778b,1968-08-11
Aaliyah Hernández,Aaliyah.Hernndez@loyalty.kkhair.com,86fdaa0fce6b42c5,1973/08
 Zoë Greenidge  ,Zo.Greenidge@loyalty.kkhair.com,72521828e494d857,1969/12/13
Rashida Dottin,Rashida.Dottin_334@kandk-hair.co,447b8e7e537512%^,2002/06/13
Shanice Brathwaite,Shanice.Brathwaite@kandk-hair.co,eeb6e4d17439b1be,1993-11-18
Kareem Clarke,Kareem.Clarke@LOYALTY.KKHAIR.COM,c8c7119046d6d4d8,1973-11-23
Chloë De la Cruz,Chlo.Cruz@domain_with_space.loyalty.kkhair.com,c19834777e43bdcd,1981-10-31
Sade Browne,SADE.BROWNE_816@kkhairemporium.com,bb2159a3121065cf,1981/02/22
D’Andre Greenidge,DAndre.Greenidge@mail.kkhair.net,e4429aa7fdd396f1,1990/01
Tanesha  Núñez,Tanesha.Nez-729@loyalty.kkhair.com,8c6d1e9e19a0d2fd,2006/04
Anaïs Hernández,Anas.Hernndez@loyalty.kkhair.com,7f0348598d5d65b3,1980/11/27
 Renée Singh  ,Rene.Singh@mail.kkhair.net,,
Jamal Singh,Jamal.Singh@mail.kkhair.net,d2b2f99d009a5243,1963/07/16
Jamal Hernández,Jamal.Hernndez@kkhairemporium.com,bc38572a5530f645,2000/09
Dwayne Lewis,DWAYNE.LEWIS@#.MAIL.KKHAIR.NET,0630d3a6e443badc,1979/09/05
Rohan Best,Rohan.Best_485@kkhairemporium.com,407fc7438b8389ZZ,1976/08/22
Tanesha St. Clair,TANESHA.CLAIR@loyalty.kkhair.com,7d02347d16ed23e4,1974/03
Rashida  Browne,Rashida.Browne@kandk-hair.co,be50308655715666,1996-05-06
Jamal Forde,Jamal.Forde_717@,ce234173fc415747,2000/08/11
José van der Kringle,Jos.Kringlekkhairemporium.com,5226f3eb104bac39,1978/05
Kofi Morris-Grant,Kofi.Morris-Grant.529@loyalty.kkhair.com,1d67deb05421813c,2002-06-03
Khadija Ramdeen,KHADIJA.RAMDEEN@kkhairemporium.com,1c9c5bb915c7ba59,1957/02/01
Rohan Núñez,Rohan.Nez.264@LOYALTY.KKHAIR.COM,6726f64ca71d122f,1984/05/17
Jamal O'Connor,Jamal.OConnor@mail.kkhair.net,77cfa04d6556427e,1985/04/18
 Andre Thompson  ,Andre.Thompson@MAIL.KKHAIR.NET,568ab1d5d3ffd468,1958-08-14
Jamal  De  la  Cruz,Jamal.Cruz@loyalty.kkhair.com,5cdc9e294bc74a__,1982/10/10
Dwayne Charles,Dwayne.Charles@loyalty.kkhair.com,,
Khadija Thompson St. Clair,KHADIJA.CLAIR@KKHAIREMPORIUM.COM,7880fee9c51e4cd4,1985-11-29
  Jamal  Greenidge    ,Jamal.Greenidge@KANDK-HAIR.CO,fbc366e299815a14,1981/05/18
Mikaël García,MIKAL.GARCA.953@mail.kkhair.net,7e0fdc3ef1cf7c40,1955/03/15 
Keisha Ramdeen,Keisha.Ramdeen@kkhairemporium.com,7d8949a229bee1e2,1971/01
Tia Charles,Tia.Charles@KANDK-HAIR.CO,ae103585ab885cec,1986/09/02
Tia Ramdeen,TIA.RAMDEEN@loyalty.kkhair.com,9323ff516a7812b6,1962/11/30
Noël Williams,NOL.WILLIAMS@kkhairemporium.com,bc54add1adee8954,1985/04/24
Mikaël Morris García,Mikal.Garca@KKHAIREMPORIUM.COM,16d53999ccf4f7de,1994/07/27
Kofi Williams,Kofi.Williams@KKHAIREMPORIUM.COM,eb05fc2e55bfea8b,1978/10/31
Rohan Greenidge,Rohan.Greenidge@kandk-hair.co,7475ab76a98d3fef,1990/4/7
Renée Hernández,Rene.Hernndez@kandk-hair.co,165118feeb6bb57c,1958/08
Aaliyah Dottin,Aaliyah.Dottin@kkhairemporium.com,53ede413233cc3__,1957/11/11
Jéssica Joseph,Jssica.Joseph-24@MAIL.KKHAIR.NET,bc206b4f037e3486,1987/03/18
Tanesha Morris,Tanesha.Morris@kkhairemporium.com,3aa8507917130bcf,1995/07/03 
Andre  Charles-Johnson,Andre.Charles-Johnson.812@MAIL.KKHAIR.NET,403a1e261de371e7,1959/04/16
José Best,JOS.BEST@#.loyalty.kkhair.com,274f0118cdd39a02,1959/07/16
Khadija Morris,Khadija.Morris@#.mail.kkhair.net,46f91ff8775ad569,1965/03/22
Renée De la Cruz,RENE.CRUZ@kkhairemporium.com,9453eb7ebe051081,1983/09/23
Jermaine O'Connor,Jermaine.OConnor@MAIL.KKHAIR.NET,d1f75f97acb3ec59,1992/10/29
Devon Dottin,Devon.Dottin@kkhairemporium.com,8cf4e2d02292637b,1969/08/24
Jéssica Grant,Jssica.Grant@kkhairemporium.com,10ce4382e8d37a5c,1978/10/11
Jamal Singh,Jamal.Singh@mail.kkhair.net,7d438ab1cf010949,1977/06
Rashida Hernández-Greenidge,Rashida.Hernndez-Greenidge@kkhairemporium.com,ab710d5535495edf,1997/7/9
Shanice Johnson,SHANICE.JOHNSON@KANDK-HAIR.CO,7fa7dbc1eb5b8594,2005/01/05
Jéssica Charles,Jssica.Charles@kkhairemporium.com,b012c718a61c7a48,1975/08/02 
Anaïs Charles,Anas.Charles.635@kandk-hair.co,8cd419af4f38e48c,1963/01/13
Latoya Clarke,Latoya.Clarke@kandk-hair.co,,
Andre  Clarke,Andre.Clarke@MAIL.KKHAIR.NET,220cb922790ea3c8,1997-02-11
Rashida Best,Rashida.Best.699@MAIL.KKHAIR.NET,c074024dbe5c0920,2006/04/14 
Tyrone Lewis,TYRONE.LEWIS-182@kandk-hair.co,bf1ad4044bf0012c,1985/09/12
Tyrone Best-Ramdeen,Tyrone.Best-Ramdeen@kkhairemporium.com,32a5d21b7e14611e,1993/08/05
Tyrone Singh,Tyrone.Singh@kkhairemporium.com,2e96be87a4d1c8d1,1995/03
José Morris,Jos.Morris-164@kandk-hair.co,9037323ec304a9__,1970/11
Rohan Jean-Baptiste,Rohan.Jean-Baptiste@,1bb07210c9690630,1966/04/23
Keisha Morris-Joseph,Keisha.Morris-Joseph@mail.kkhair.net,b700cfec5aa065b0,1974/01/24
Devon Morris,Devon.Morris_6@mail.kkhair.net,aeaea525d95c177d,1971/01/28
Shanice Browne,SHANICE.BROWNE@kandk-hair.co,aef53c11a7f62c4f,2000/9/2
Tanesha Forde,Tanesha.Forde@domain_with_space.kandk-hair.co,0416184744efb437,1972-05-26
Kofi Charles,Kofi.Charles@kkhairemporium.com,08782cc54263df01,2004/12/26
Kirsten Alleyne,Kirsten.Alleyne_582@mail.kkhair.net,aa8431f3d4792c87,1985/05/25
Tia Clarke,Tia.Clarke@mail.kkhair.net,f8ccc2d68425a9b0,1955/09/17
Tyrone Campbell,TYRONE.CAMPBELL@mail.kkhair.net,9a961ed7e73003fb,1967/09/30
Chloë Browne,Chlo.Browne@,6e03811b4e20baZZ,1998/05/29
 Khadija Pérez  ,KHADIJA.PREZ@kandk-hair.co,bb67454e76509bf7,1975-03-26
  Anaïs  Jean-Baptiste    ,Anas.Jean-Baptiste-103@loyalty.kkhair.com,644503984b455bc1,1985/04
Sade Williams St. Clair,Sade.Clair@,2b2d822aad802c6a,1999/07/23 
Mikaël Singh,MIKAL.SINGH@ mail.kkhair.net,db769632ca960a57,1959/02
Jermaine Ramdeen,Jermaine.Ramdeen@kandk-hair.co,7f61c8d5ee23b4c7,1959/06/12
Kirsten De la Cruz,Kirsten.Cruz@loyalty.kkhair.com,8d805471ad4f6837,1955/09/19
Kirsten Jean-Baptiste,Kirsten.Jean-Baptiste@KKHAIREMPORIUM.COM,af0d2628b968acc7,1974/12/28
Dwayne Campbell,Dwayne.Campbell@mail.kkhair.net,2fe92e86196a147b,1969/08
Marlon Clarke,Marlon.Clarke.126@mail.kkhair.net,158b612578f57068,1966-10-29
Zoë Dottin,Zo.Dottin@mail.kkhair.net,e4f4a254a1acc984,1998/07
Andre De la Cruz,Andre.Cruz@MAIL.KKHAIR.NET,554fc877e550b944,1970/10/21 
D’Andre Browne-Alleyne,DANDRE.BROWNE-ALLEYNE@loyalty.kkhair.com,fa55b40d2cb2440b,1969/02
Kirsten Alleyne St. Clair,KIRSTEN.CLAIR@kkhairemporium.com,254352b93b4ddfc9,1964/04/30
Jéssica O'Connor,JSSICA.OCONNORKANDK-HAIR.CO,39f32fe4d8356301,1993/10/03
Rashida St. Clair-Holder,Rashida.Clair-Holder@kandk-hair.co,fd2a3c5ce37d9302,2000/05/19
Kirsten Dottin,Kirsten.Dottin.536@kkhairemporium.com,bd79bf504ccbcc5b,1963-06-14
Devon  Grant-Baptiste,Devon.Grant-Baptiste.469@loyalty.kkhair.com,a6c3c9089a05c0a5,1957/10
Devon  Charles,Devon.Charles@kandk-hair.co,1bcc3b60bc9386e9,2006-02-02
Kofi Singh,Kofi.Singh@domain_with_space.mail.kkhair.net,4ad55530a769e08f,1989/11/18
Keisha Núñez,Keisha.Nez@kandk-hair.co,5595b4a3c3afb2ZZ,2002/06/20
Jamal Holder,Jamal.Holder@loyalty.kkhair.com,6d22675d1f52b5ff,1980/08/03
Dwayne Lewis,Dwayne.Lewis@mail.kkhair.net,0131af707a532d99,1981/06/13
Andre Browne,Andre.Browne@kkhairemporium.com,c325606ad327f28a,1957/01/12
 Zoë Joseph  ,Zo.Joseph@kkhairemporium.com,4f94ab37d11a3319,1967/3/3
Marlon Pérez,MARLON.PREZ@mail.kkhair.net,33c97c147ff5e05d,1988/12/06
Rashida Jean-Baptiste,Rashida.Jean-Baptiste@LOYALTY.KKHAIR.COM,8e37a60d1dfc8055,1979/12/17
Rohan Grant,ROHAN.GRANT@mail.kkhair.net,003b6d054c4b85ZZ,1975/11/15
Tanesha Holder,TANESHA.HOLDER.495@loyalty.kkhair.com,d655b2f94590865d,2002/11/14
Jéssica Morris-Holder,JSSICA.MORRIS-HOLDER@kandk-hair.co,00e6e261e55236c1,1997/05/26
Dwayne Jean-Baptiste,DWAYNE.JEAN-BAPTISTE.407@kkhairemporium.com,4fd2e9048bbb3c14,2006/08/01
Khadija O'Connor,Khadija.OConnor.113@kkhairemporium.com,d8e1537da8d54052,1972/11/17
Keisha  Johnson,Keisha.Johnson@kkhairemporium.com,a92df8c7110877d3,1976/12/01
Kirsten Clarke,Kirsten.Clarke@loyalty.kkhair.com,447e904c41b2f8a4,1987/03/01
Chloë Browne,CHLO.BROWNE.888MAIL.KKHAIR.NET,202564d2b2408b0f,1994/01/17
Zoë O'Connor,Zo.OConnor@kandk-hair.co,0cdcbc4482ede89f,1962/03/23
Keisha Brathwaite,KEISHA.BRATHWAITE@loyalty.kkhair.com,24e70d797a9528d0,1991/5/8
Tia Morris,Tia.Morris@kkhairemporium.com,3c4b1839eab0326e,1985/04/18
Anaïs Williams,Anas.Williams@mail.kkhair.net,d30590bbe1058964,1990/06/17
José O'Connor,Jos.OConnor_859@mail.kkhair.net,37499270093d20ZZ,1988/01/16
Jéssica Williams,Jssica.Williams@kkhairemporium.com,bf3ab84c1e57c049,1994/01/14
Rashida van der Kringle,Rashida.Kringle@mail.kkhair.net,cc4e591edd840ec6,1961/01/24
Tia Ramdeen,Tia.Ramdeen@kandk-hair.co,,
Anaïs Greenidge,ANAS.GREENIDGE@mail.kkhair.net,3d065505d0385c8f,1960/06/07
Tanesha Núñez,TANESHA.NEZ@mail.kkhair.net,a3774e5f5253c7b1,2005/07/12
Zoë Baptiste,Zo.Baptiste_559@,6765057b214bab13,1975/04/19
Chloë Campbell,CHLO.CAMPBELL@kkhairemporium.com,9b8520c5826ea345,1961/10/26
Shanice Ramdeen,Shanice.Ramdeen@@loyalty.kkhair.com,86433971efe48e4b,1977/07/19
Jéssica Browne,JSSICA.BROWNE.966@kkhairemporium.com,,
  Devon  Ramdeen    ,Devon.Ramdeen@@mail.kkhair.net,910721277b65459e,1974/12/07
José Holder Singh,Jos.Singh@mail.kkhair.net,d9463cb8936e5efc,1997/10/04
Kofi Ramdeen,Kofi.Ramdeenloyalty.kkhair.com,c8e05b9b7c4d18e5,1993/12/04
Rashida Forde,Rashida.Forde@ mail.kkhair.net,bd8de4c7c2b92b11,1997/08/25
Khadija Campbell,Khadija.Campbell@kkhairemporium.com,820eda6a1cf6d695,2000/03/10
Aaliyah García Forde,Aaliyah.Forde@,985c9506727a9039,2005/09/27
Kirsten Baptiste,Kirsten.Baptiste@loyalty.kkhair.com,e13f14d91e16012e,1968/06/23
Noël Johnson,Nol.Johnson_544@kandk-hair.co,6ac58af02509495b,1956/08/31
Andre Holder,Andre.Holder@kkhairemporium.com,ef7b8cd4647d1cce,2002/06/15
Tia Best,TIA.BEST@mail.kkhair.net,d0937851873a6624,1991-02-08
Latoya Brathwaite,Latoya.Brathwaite.628@@mail.kkhair.net,0fdd38c41bc402fb,1955/04/02
Latoya De la Cruz,Latoya.Cruz-508@KANDK-HAIR.CO,66e1695998e908__,2002/12/15
 Rashida Pérez  ,Rashida.Prez@kkhairemporium.com,0709a9380745206c,1969/05/20
Rohan Jean-Baptiste,Rohan.Jean-Baptiste_955@kandk-hair.co,132972264cc33a8a,1985/10
Tanesha Holder,Tanesha.Holder@kkhairemporium.com,8dfcd4d57ac0b704,1961/08/11
Mikaël van der Kringle,MIKAL.KRINGLE.602@kkhairemporium.com,08a56ebeb735c1%^,1986/04/18
Shanice van der Kringle,Shanice.Kringle@ loyalty.kkhair.com,dc07d3d49d0e09e4,1991-06-08
Jermaine Ramdeen Williams,Jermaine.Williamsloyalty.kkhair.com,cd9c6dac376af8ec,1955/08/15 
José St. Clair,Jos.Clair.882@MAIL.KKHAIR.NET,4147503802d67589,1981/08/21
Shanice Clarke,SHANICE.CLARKE@kandk-hair.co,1cc9f0e06b17c1aa,2000/03/01
Sofía Clarke,Sofa.Clarke@kandk-hair.co,28d1aa0964dd9644,1978/01/29
Khadija St. Clair,Khadija.Clair@kandk-hair.co,1c268bc9e8c0ade8,1989/09
Sade Baptiste,Sade.Baptiste@loyalty.kkhair.com,ad491b2dcb8a3458,1978-04-30
Tyrone Núñez,Tyrone.Nez.341@kkhairemporium.com,fff48a4836bc809a,1996/08
D’Andre Campbell,DAndre.Campbell@kandk-hair.co,eef9debb392d8560,1966/08/02
 Dwayne Núñez  ,DWAYNE.NEZ_394@mail.kkhair.net,94cba9d0d474e47f,2000/02/02
Latoya Brathwaite,Latoya.Brathwaite@kkhairemporium.com,68ed6040fc247c35,1957/07/01
Rashida Singh,Rashida.Singh@mail.kkhair.net,6abe0fe73563aaa1,1983/07/22
Jéssica Williams,Jssica.Williams@kandk-hair.co,ee14798bd98df907,1992/12/21
Renée Greenidge,Rene.Greenidge@KANDK-HAIR.CO,2cb2b87dc0e699cf,1989/11
Tia Ramdeen,TIA.RAMDEEN@kkhairemporium.com,4c97604db0c536dc,1966/01/17
Kirsten Charles,Kirsten.Charles@,0567b2e9cbd94c13,1977/02/05
Sade Clarke,Sade.Clarke.214@loyalty.kkhair.com,728b8c2bf964b238,1996/02/02
José Joseph,Jos.Joseph@MAIL.KKHAIR.NET,530f2e31cad94ae1,2004/02/27
Chloë  St.  Clair,CHLO.CLAIR@kandk-hair.co,a28a403cd76444%^,1975/10/28
Aaliyah Joseph,Aaliyah.Joseph.613@@loyalty.kkhair.com,058dd6851b7def78,2004/05/10
Noël van der Kringle,Nol.Kringle@loyalty.kkhair.com,a7a6d4a7496cf493,1962/05
Chloë Campbell,Chlo.Campbell@kkhairemporium.com,,
 Tanesha Joseph  ,Tanesha.Joseph-720@,313c35b03c781267,1979/05
Tanesha  Núñez,Tanesha.Nez@KKHAIREMPORIUM.COM,21794368a98416a6,1960/07/04
Renée Grant,Rene.Grant@MAIL.KKHAIR.NET,c9d62721f93c3957,1965/09/03 
Sade Browne,Sade.Browne_649@loyalty.kkhair.com,9710b3adebc6bb94,1971/07/12
Anaïs Alleyne,Anas.Alleyne_807@MAIL.KKHAIR.NET,3f440fd5633b5474,1971/03
Marlon Holder,Marlon.Holder@kkhairemporium.com,bf1e704020939a79,1984/11/13
Rashida Ramdeen,Rashida.Ramdeen@mail.kkhair.net,90850dd19b4d0c21,1992/09/17
Khadija Lewis,Khadija.Lewis.870@mail.kkhair.net,182e493aa7c3aaae,1957/08/01
Noël Forde,NOL.FORDE@domain_with_space.KANDK-HAIR.CO,544092de53b75cc6,1955/06/12
Kofi Campbell,Kofi.Campbell.23@kandk-hair.co,90e4709b6472cee2,1988/10/22
Keisha García,Keisha.Garca@kkhairemporium.com,fd6a7446f3b424c9,1987/12/25
Rohan Williams,Rohan.Williams@mail.kkhair.net,3380cb5dc95de7b2,1998/10
Dwayne St. Clair,DWAYNE.CLAIR@loyalty.kkhair.com,4edf57a0e6884243,1988/04/22
 Chloë Singh  ,Chlo.Singh@kandk-hair.co,6d74d60324401984,1977/09/16
Noël Brathwaite,NOL.BRATHWAITE@kandk-hair.co,a9c3fb1161982191,1960/09/24 
Sofía Alleyne,SOFA.ALLEYNE-563@loyalty.kkhair.com,,
Tia De la Cruz,TIA.CRUZ@kkhairemporium.com,e5fcd78a2b15a4b9,1976-05-26
Sofía Alleyne,SOFA.ALLEYNE@KKHAIREMPORIUM.COM,fef3d3f3cbdbcced,1988/11/17
Keisha Dottin,Keisha.Dottin@loyalty.kkhair.com,312c4d0014cb68ea,2004/11/28
Noël Grant,Nol.Grant@kkhairemporium.com,85f4901140c129c0,1957/02/28
Devon Campbell-Baptiste,DEVON.CAMPBELL-BAPTISTE@kkhairemporium.com,87edd27dc50244d2,2006/4/28
Tyrone De la Cruz,Tyrone.Cruz@loyalty.kkhair.com,c46d7db02c5ec555,1994/01/09
Jamal Williams,Jamal.Williams-998@#.MAIL.KKHAIR.NET,3caf624bcb2e23__,1987/05/24
Chloë Joseph,CHLO.JOSEPH_412@loyalty.kkhair.com,f60485cd48eb7f90,1984/04/21
Tanesha Alleyne,Tanesha.Alleyne@mail.kkhair.net,f6dc9a740efbf097,1991/08/26
Andre Greenidge,Andre.Greenidge@kandk-hair.co,b3b1409a05396a72,1996/08/17
Anaïs Lewis,ANAS.LEWIS@LOYALTY.KKHAIR.COM,d127a32f9bba7e1d,1971/09/24
Kofi Núñez Ramdeen,Kofi.Ramdeen_946@loyalty.kkhair.com,68719b29414b7c__,1967/12/27
Marlon Best,Marlon.Best_703@kandk-hair.co,653d421f74537c2a,1996/04/24
Shanice Williams,Shanice.Williams@MAIL.KKHAIR.NET,1718068deb9247ZZ,2004/04/17
Andre Dottin,Andre.Dottin@mail.kkhair.net,9fdf5110b42831f0,1993/11
Kofi Alleyne,KOFI.ALLEYNE-511@kkhairemporium.com,c34cce70bbf6e36f,1959/03
Marlon Johnson,Marlon.Johnson@MAIL.KKHAIR.NET,70087f7c72b5435f,1989/5/22
José Ramdeen,Jos.Ramdeen@mail.kkhair.net,,
Jamal Dottin,Jamal.Dottin@mail.kkhair.net,a811917f5b9ba7ad,1976/01/12
Anaïs Baptiste,Anas.Baptiste.187@KANDK-HAIR.CO,fca1d9be48153ef6,1963/05/04
Jamal St. Clair,Jamal.Clair@kkhairemporium.com,99859840587b09ed,1963-02-25
 Dwayne García  ,Dwayne.Garca_395@#.kkhairemporium.com,5157fccdd55b77c2,1963/05/02
D’Andre Grant,DAndre.Grant@KANDK-HAIR.CO,86a0b5b8f07dd9a6,1963/08/16
Zoë O'Connor,Zo.OConnor@mail.kkhair.net,8e3acfbdda0a2d03,1981/3/30
Mikaël Browne,Mikal.Brownekandk-hair.co,fd5c92d797d1c6ab,1962-08-03
Rohan Lewis,Rohan.Lewis@mail.kkhair.net,2f1e73e98beed5d4,1990/03/16
Jéssica Pérez,Jssica.Prez@kkhairemporium.com,66111181dbcb4798,2002/02/17
Keisha Morris,Keisha.Morris@LOYALTY.KKHAIR.COM,d2df08edcc40b4bc,1988-08-20
Andre  Holder  Núñez,Andre.Nez@mail.kkhair.net,57f7b2dd9ff93626,1961/11/06
José Hernández,Jos.Hernndez@mail.kkhair.net,379211628c684595,1988/03/11
Kareem Thompson,Kareem.Thompson_828@loyalty.kkhair.com,534d8a41d9230d3c,1989/02/20
Sofía van der Kringle,Sofa.Kringle@MAIL.KKHAIR.NET,bf44e165401e8af4,1972/03/02
Noël Grant,NOL.GRANT@loyalty.kkhair.com,abd47fecbd726c1d,1967/05/21
 José Ramdeen  ,Jos.Ramdeen-829@ kkhairemporium.com,8cdac45b55503647,1958/09/29
Latoya Brathwaite,Latoya.Brathwaite-331@loyalty.kkhair.com,3fd8a78dba2bd93c,1993/04
Tyrone Joseph,Tyrone.Joseph@kandk-hair.co,8066902a7e7bccf3,1984/4/10
José Joseph,Jos.Joseph@kandk-hair.co,feaa425c5d86bcf8,1990-06-23
Rohan De la Cruz,Rohan.Cruz.779@kandk-hair.co,97dff3ad54081fc7,1965/02/05 
José Charles,Jos.Charles@LOYALTY.KKHAIR.COM,a474bbb0bf9fb3__,1978/07/20
Dwayne Johnson,Dwayne.Johnson@kandk-hair.co,13e1ce81fd5aa3c4,1987/10/05
Rashida Charles,Rashida.Charles@loyalty.kkhair.com,de280601e7bdb4c0,1985/09
Keisha Núñez,Keisha.Nez@kandk-hair.co,a89233a26ce60a41,2003-06-08
Rohan Núñez,Rohan.Nez@mail.kkhair.net,df2d53f419c193__,1969/07/09
Tyrone Brathwaite,TYRONE.BRATHWAITE@KKHAIREMPORIUM.COM,a727c4a5c0453d0e,1979/10/17
Jamal Clarke,JAMAL.CLARKE@kkhairemporium.com,e3ff2f061bde1924,1989-04-08
Noël Morris Grant,Nol.Grant@mail.kkhair.net,deaf8a309819e632,1989-09-20
Khadija Ramdeen,Khadija.Ramdeen@loyalty.kkhair.com,d0dc5d264df1eeee,1997-01-08
Kirsten Charles,KIRSTEN.CHARLES@kandk-hair.co,0c870cb46aeca492,1985/10
 Mikaël Williams  ,Mikal.Williams@loyalty.kkhair.com,,
Shanice Campbell,SHANICE.CAMPBELL_20@LOYALTY.KKHAIR.COM,f4218cd4ea03b5ce,1970/04/29
Kirsten Morris,KIRSTEN.MORRIS@kandk-hair.co,b13dff404b24134b,1975/05/09
Mikaël Pérez,Mikal.Prez@kkhairemporium.com,7259fe7def589696,1985/09/26
Chloë Grant,Chlo.Grant@kkhairemporium.com,,
Khadija O'Connor,Khadija.OConnor@kandk-hair.co,59e7ca0164011d9e,1982/12/20
Rohan Grant,Rohan.Grant-875@kandk-hair.co,3770f78a76157d93,1968/9/7
Jamal García St. Clair,Jamal.Clair@kkhairemporium.com,5bb24a71f227b0b7,1982/10/26
Renée Holder,Rene.Holder_470@mail.kkhair.net,6d0113129d3164f3,1973-08-01
Tia Dottin,Tia.Dottin_13@mail.kkhair.net,90e7071ceb38b96d,1962/2/15
Anaïs Alleyne,ANAS.ALLEYNE_939@mail.kkhair.net,67fff7063cff35d3,2004/02/13
Renée Ramdeen,Rene.Ramdeen@mail.kkhair.net,97a5970f83eda8dc,1999/07/19
Kareem Alleyne,Kareem.Alleyne@kandk-hair.co,4f98f1c6d2a4fca9,1968-12-06
Sofía Charles Williams,Sofa.Williams-807@kkhairemporium.com,d6921782826233%^,1962/09/16
Jermaine Johnson,JERMAINE.JOHNSON@#.kkhairemporium.com,e8076e88e07737c9,1991/04/17
Tia van der Kringle,TIA.KRINGLE@mail.kkhair.net,9c882e07c301ee02,1974/11/28
Tanesha Grant,Tanesha.Grant@mail.kkhair.net,067b70195ccb6c3f,1995/12
Tanesha St. Clair Campbell,Tanesha.Campbell@MAIL.KKHAIR.NET,433c4a0c6b8c9c%^,1984/05/24 
Andre De la Cruz,ANDRE.CRUZ@kkhairemporium.com,242701469c1cf466,1978/08/28
Tia Forde,TIA.FORDE@kandk-hair.co,2ded80747275a44c,1964/02
 Marlon Morris  ,MARLON.MORRIS.512@mail.kkhair.net,08c7e53d5cc0646a,1961/07/02
Shanice Thompson,Shanice.Thompson@MAIL.KKHAIR.NET,c714584e7531f625,1975/08/05
Kirsten De la Cruz,Kirsten.Cruz@kandk-hair.co,39844d56106d0e44,1958/06
Kofi Alleyne,Kofi.Alleyne_879@kkhairemporium.com,99a03a3fd94d5049,1987-03-06
Sofía Morris,Sofa.Morris@mail.kkhair.net,a5aad5ee5c172e80,1956/10/13
Renée  O'Connor,Rene.OConnor@loyalty.kkhair.com,8a32c0be13b55366,2001/10/20
Kofi Dottin,KOFI.DOTTIN@@mail.kkhair.net,c387ec7100f7f998,1977/08/31
Rohan Núñez,Rohan.Nez@kkhairemporium.com,1f61e3eec36a00f6,1969-01-22
Marlon Brathwaite,MARLON.BRATHWAITE@mail.kkhair.net,9da17babbe1411d3,1961/08
Jermaine O'Connor,Jermaine.OConnor.665@kandk-hair.co,aa14d6ad0fff9674,1972/03/13
Tia Johnson,TIA.JOHNSON@,f53c5267725c430a,1998-02-05
Sofía Williams Campbell,Sofa.Campbell@kkhairemporium.com,48fd0d0d8e48a5be,2004/05/09
Khadija Morris,Khadija.Morris-704@kkhairemporium.com,,
Latoya  Jean-Baptiste,Latoya.Jean-Baptiste@KKHAIREMPORIUM.COM,9d21a22101f13fb0,1956/01/23 
Chloë Campbell,Chlo.Campbell@mail.kkhair.net,3b6e91b267e7edce,1965/05/03
Khadija Alleyne,Khadija.Alleyne@loyalty.kkhair.com,28dda7527bd361e6,2002-09-19
Noël Dottin,Nol.Dottin@loyalty.kkhair.com,e5fa18b45dedeefa,1984/07/20
Renée Forde,RENE.FORDE@kkhairemporium.com,e0da80a73c144e97,1974/02/15
Rashida Jean-Baptiste,Rashida.Jean-Baptiste@mail.kkhair.net,92055a425cd1a8c9,1999/12/29
Rohan Jean-Baptiste,Rohan.Jean-Baptiste@#.mail.kkhair.net,fe78e20d5778bbf7,1993/02
Jéssica Greenidge,Jssica.Greenidge-836@MAIL.KKHAIR.NET,7ee1933df2bd9ce7,1985/10/18
Shanice Clarke,Shanice.Clarke@loyalty.kkhair.com,,
Devon Brathwaite,Devon.Brathwaite@,,
Mikaël Grant O'Connor,Mikal.OConnor@KKHAIREMPORIUM.COM,109f82474a9d0223,1982/02/23
 Jamal Dottin  ,Jamal.Dottin.725@kandk-hair.co,12cd9b563314266a,2005/05/20
 Andre Brathwaite  ,ANDRE.BRATHWAITE@,fcb1feb4be472c63,1972/07/27
Kofi Lewis,Kofi.Lewis@KANDK-HAIR.CO,0f281d6756960caf,2003/08/07
Rohan Núñez,Rohan.Nez@mail.kkhair.net,d8df83c7f241c73e,1970/02/17
José Thompson,JOS.THOMPSON@kkhairemporium.com,0aaa8cb85c7c87fe,1978/12/12
D’Andre Ramdeen,DAndre.Ramdeen.990@mail.kkhair.net,b1326d8078886f%^,1970/06/30
Noël Best,Nol.Best@kkhairemporium.com,a57a3d675d8f2112,1996/09/23
Rohan van der Kringle,Rohan.Kringle@loyalty.kkhair.com,e1820f33d329c88c,1962/05/01
Rashida Charles,Rashida.Charles_161@kkhairemporium.com,be2d9c43006f00e1,1998/09/23
Latoya O'Connor,Latoya.OConnor@mail.kkhair.net,,
Keisha Best,Keisha.Best@MAIL.KKHAIR.NET,bc57e47f55a63177,1959-10-10
 Tia van der Kringle  ,Tia.Kringle@kkhairemporium.com,c9bb9943bf7e5d90,1968/01/19
Keisha St. Clair,Keisha.Clair@mail.kkhair.net,c1ce79fdf29d74b2,1955/02
Kofi Brathwaite,Kofi.Brathwaite@loyalty.kkhair.com,204e6cc75bce6556,2000/04/21
Chloë St. Clair,CHLO.CLAIR@loyalty.kkhair.com,b309bf78dd98f67e,1960/02/10
 Marlon García  ,Marlon.Garca@kandk-hair.co,97b8ca5353bc17__,1959/01
Jamal Pérez,Jamal.Prez@mail.kkhair.net,c037aa005af60302,1981/05/27
Marlon García,MARLON.GARCA@MAIL.KKHAIR.NET,3d24764268b54181,1974/02/16
Sofía Morris,Sofa.Morris@@mail.kkhair.net,477615abf41d4739,1985/07/30
Shanice Joseph,Shanice.Joseph@kkhairemporium.com,b0c0a1d4e8acd7b1,1967/09/16
Jamal Baptiste,JAMAL.BAPTISTE@kkhairemporium.com,948cdf13cbc5ff91,1987/08/26
Tia Hernández Browne,Tia.Browne@kkhairemporium.com,0a79474430248873,1979/11/13
Kofi Ramdeen,Kofi.Ramdeen@domain_with_space.kkhairemporium.com,b4d6946f4a9954a6,1961/01/24
 Tia Núñez  ,Tia.Nez@mail.kkhair.net,1f92887030c289b4,1989/04/07
Jermaine Clarke,JERMAINE.CLARKE@loyalty.kkhair.com,4f86ed74f9166355,1983/11/4
Marlon Alleyne,MARLON.ALLEYNE@kkhairemporium.com,8e4d866609bd51cc,1990-08-16
Shanice Jean-Baptiste,Shanice.Jean-Baptiste.20@loyalty.kkhair.com,b8527f636d6caf5f,1993/05/14
Shanice Charles,SHANICE.CHARLES@ kandk-hair.co,273a909956d8f528,1956-02-23
Jermaine Browne,Jermaine.Browne_780@kandk-hair.co,f3bbe65fe033a93e,1973/06/12
Tyrone Baptiste,Tyrone.Baptiste@loyalty.kkhair.com,78e8a1480b7ef508,2002/01/11
Dwayne O'Connor,DWAYNE.OCONNOR@mail.kkhair.net,4db7ed669ce8d8cd,1977/03
Mikaël Greenidge,Mikal.Greenidge_884@kkhairemporium.com,b5d15e0cfadf1f23,1971/05
  Jéssica  Clarke    ,Jssica.Clarke@mail.kkhair.net,,
Shanice  Thompson,Shanice.Thompson@loyalty.kkhair.com,,
Sofía Joseph,Sofa.Joseph@kkhairemporium.com,befe648aa73b25f4,1971/11/06
Sofía Joseph,Sofa.Joseph@loyalty.kkhair.com,17a0edbbb6ba2144,1984/7/31
Andre Clarke,Andre.Clarke@loyalty.kkhair.com,7a05ede80c9344f4,1990/08/23 
Mikaël García,MIKAL.GARCA.980@kandk-hair.co,2f2bafa52e77cc17,1992-09-13
 Andre Browne  ,Andre.Browne.752@kandk-hair.co,99e3dedc78407925,1991/04/25
Tanesha Singh,Tanesha.Singh@loyalty.kkhair.com,c8ccd23544748cf4,1959/09
Sade Ramdeen,Sade.Ramdeen@mail.kkhair.net,fd8886d75e1bd38d,1977/07/18
D’Andre Brathwaite,DANDRE.BRATHWAITE@LOYALTY.KKHAIR.COM,1846630c12f11b44,2002/6/8
 Mikaël Joseph  ,MIKAL.JOSEPH-491@LOYALTY.KKHAIR.COM,6e39e7419724e972,1993/02/15
Mikaël Morris,Mikal.Morris@kandk-hair.co,ae22522ce657b6%^,1979/06/17
Chloë Núñez,Chlo.Nez_312kkhairemporium.com,769cb77d670afb96,1959-10-01
Noël Thompson,Nol.Thompson@mail.kkhair.net,77021bb2c672f6c9,1957/07/04
Kirsten Williams,Kirsten.Williams@kandk-hair.co,02e1164fc50beeff,1962/8/5
Tyrone Morris,Tyrone.Morris@,343ff8e9fe7ba967,2006/12/01
Kirsten Ramdeen,Kirsten.Ramdeen.79@kandk-hair.co,aa5d5148f8f3355c,1972/9/2
Kareem García,Kareem.Garca@mail.kkhair.net,fb14e51816cbebd5,1978/01
Dwayne Williams,Dwayne.Williams@kandk-hair.co,3647bea69232af16,1988/02/22
D’Andre Alleyne,DANDRE.ALLEYNE@loyalty.kkhair.com,,
Tanesha Johnson,TANESHA.JOHNSON@kkhairemporium.com,339583939026bc63,1970/02/09
Tia Holder,TIA.HOLDER_963@kkhairemporium.com,361a463bc5795804,1977/08/03
Kofi Núñez,Kofi.Nez@mail.kkhair.net,910761b20f49e4b8,1986/1/27
Chloë Best,CHLO.BEST@loyalty.kkhair.com,6a79e1b0f0ffb099,1990/11
José Morris,JOS.MORRIS-214@loyalty.kkhair.com,d7cb0a082f7f4478,1998/09/05
Zoë De la Cruz,Zo.Cruz@kkhairemporium.com,c571da8007307d9b,1958/05/11
Devon Singh,Devon.Singh@#.kandk-hair.co,109c02093637abae,1966-12-12
Rohan Joseph,Rohan.Joseph@kkhairemporium.com,2e7830fc9173bfaa,2006-01-09
Marlon Joseph,Marlon.Joseph_757@MAIL.KKHAIR.NET,891edee54311e4__,1982/11/04
Tyrone Dottin,Tyrone.Dottin-577@MAIL.KKHAIR.NET,ae19970e749cdf81,1960/2/13
Jéssica Grant,Jssica.Grant@MAIL.KKHAIR.NET,87e864bcf90a6c4a,1968/11
Noël Williams,Nol.Williams-803@mail.kkhair.net,984d28aa6ea4c4b1,1979/03/13
Andre Jean-Baptiste,Andre.Jean-Baptiste@mail.kkhair.net,8c8719d911d0c4c9,1966/04/18
 Andre Forde  ,ANDRE.FORDE@kandk-hair.co,c164b1797884eb47,1999/10/20
 Sofía De la Cruz  ,Sofa.Cruz@ mail.kkhair.net,5c7230b04451f9ab,2002/03/07
 Andre Clarke  ,Andre.Clarke-199@loyalty.kkhair.com,62e70b1f67ee734f,1979/09/08
Keisha Jean-Baptiste,Keisha.Jean-Baptiste@loyalty.kkhair.com,be065601d092ea05,1980-02-03
Aaliyah Hernández,AALIYAH.HERNNDEZ@mail.kkhair.net,8c43fc869693dce8,1994/08/14
Chloë Ramdeen,CHLO.RAMDEEN@kkhairemporium.com,6cb2ebc5d4175f6a,1965-07-27
 Rashida Pérez  ,Rashida.Prez@,ad8ee0f1d10f8c38,1977/03/16
Anaïs Clarke,ANAS.CLARKE@ MAIL.KKHAIR.NET,852546753a00e364,1955/8/9
Tia De la Cruz,Tia.Cruz@mail.kkhair.net,,
 Rohan Ramdeen-Browne  ,Rohan.Ramdeen-Browne.714@kandk-hair.co,8aafab49b4c3a286,1996/01/16
Kirsten De la Cruz,Kirsten.Cruz.397@kkhairemporium.com,3fe6df1204f21a40,1995/10
Kofi Thompson,Kofi.Thompson@kandk-hair.co,6b1f8b06751e04ZZ,1962-09-20
Sade Brathwaite,Sade.Brathwaite@kandk-hair.co,142b1368771d5fa5,1995/01/20
Kirsten De la Cruz,Kirsten.Cruz@LOYALTY.KKHAIR.COM,,
Sade Joseph,Sade.Joseph@loyalty.kkhair.com,9cbd92a9d6a3eaf6,1961/02/05
Chloë Williams,CHLO.WILLIAMS@loyalty.kkhair.com,94d9615f127f45ZZ,1987/06/14
 D’Andre Brathwaite  ,DAndre.Brathwaite@kandk-hair.co,97d096d5b0aa5ad5,1971/07/17 
Kirsten Alleyne,KIRSTEN.ALLEYNE@MAIL.KKHAIR.NET,7b2dad2798177370,2006/12/21
Shanice Clarke,SHANICE.CLARKE_951@kandk-hair.co,3df5135b073efaZZ,1964/06/09
Mikaël St. Clair,Mikal.Clair_928@KKHAIREMPORIUM.COM,274b5ec5b4152733,2005/08/07 
Kirsten O'Connor,Kirsten.OConnor_520@mail.kkhair.net,,
Marlon Brathwaite,MARLON.BRATHWAITE@mail.kkhair.net,680d6c021b0591__,1997/01/30
Anaïs  Morris,Anas.Morris@kkhairemporium.com,03f143ed9a2fe144,2004-10-20
Latoya Browne,LATOYA.BROWNE@kandk-hair.co,984e77acb472dec5,1968/12/14
Keisha Holder,Keisha.Holder@kandk-hair.co,396894223ea889af,1969/12/15
Dwayne Browne,Dwayne.Browne-746@kandk-hair.co,f571ae58a620248c,1976/05/28
Kofi Johnson,Kofi.Johnson-613@KKHAIREMPORIUM.COM,5a0462d10815f5d7,1965/02/13
Andre Núñez Forde,Andre.Forde@kkhairemporium.com,fd6f570aafff6c%^,1963-12-12
Sofía Núñez,SOFA.NEZ_90@kkhairemporium.com,b7acb7a587fea1ed,1987/07/11
Noël Browne,Nol.Browne-577@mail.kkhair.net,2494dafa7a26fc7a,1980/07/04
Tyrone Joseph,Tyrone.Joseph@kandk-hair.co,7671b99297dd1506,1997/04/11
Rohan Lewis,ROHAN.LEWIS@loyalty.kkhair.com,71467626b29aa0e0,1977-06-19
Zoë Lewis,ZO.LEWIS@mail.kkhair.net,b6ee35b5829b2ca2,1979/10/15
Tia Baptiste,Tia.Baptiste_515@mail.kkhair.net,a140192ef1f78d17,1963/10
Sofía Forde,Sofa.Forde@kkhairemporium.com,917d7c8d0aba3d32,1984/12/25
Rashida García,Rashida.Garca@mail.kkhair.net,2d847034f9c03fc6,1963/02/12
Latoya Greenidge,Latoya.Greenidge@LOYALTY.KKHAIR.COM,5e9c6a47ad234070,1993/07/06
Tia Campbell,Tia.Campbell@kkhairemporium.com,07fb6b63648a4ead,1963/10/21
Khadija Campbell,Khadija.Campbell@kkhairemporium.com,454c3a80498968ae,1991/09/20
Devon St. Clair,Devon.Clair@KANDK-HAIR.CO,,
Kareem Alleyne,Kareem.Alleyne@kandk-hair.co,80a8df71bd315a63,1970/10/19
Shanice Forde,SHANICE.FORDE@mail.kkhair.net,18363acf274360b9,2003/08/02
Devon Greenidge,Devon.Greenidge@domain_with_space.KANDK-HAIR.CO,f6e996036d756e05,1989/04
Keisha Ramdeen,Keisha.Ramdeen@kandk-hair.co,5706d0ceff358f5c,1996-09-30
Rashida Williams,Rashida.Williams@kkhairemporium.com,ed9df1b1d066278d,1960/06
Sade Jean-Baptiste,Sade.Jean-Baptiste@@kandk-hair.co,c5ce8fd56f06b8fe,1971/08/20
Kareem Lewis,Kareem.Lewis@loyalty.kkhair.com,54df6a909ecbe3dd,1963/04
Aaliyah Joseph,Aaliyah.Joseph@KANDK-HAIR.CO,4076c919f922d787,1958/02
Kofi Núñez,KOFI.NEZ@loyalty.kkhair.com,d115c09d03e8a63c,1967/01/12
Devon Thompson,Devon.Thompson_820@@KKHAIREMPORIUM.COM,a7763f28eab82559,2006/12
Kirsten  Singh,Kirsten.Singh@kkhairemporium.com,5f8c4779917fcb86,1978/11
Sofía De la Cruz,SOFA.CRUZ@LOYALTY.KKHAIR.COM,f732f3f80068bc8c,1998/09/02
Rohan Best,Rohan.Best@kandk-hair.co,dd9163d6cf2ea482,1976/11/24
Anaïs Greenidge,Anas.Greenidge-635@mail.kkhair.net,9bcafe7c31680af6,1991/01/07
Renée Greenidge,Rene.Greenidge@kkhairemporium.com,aede34caf52435fb,1969/10/7
Jermaine Hernández,JERMAINE.HERNNDEZ@mail.kkhair.net,4731d91ef5d55a94,1973/06/29
Devon O'Connor,Devon.OConnor-710mail.kkhair.net,5bc119363dcfeb4f,1955/01/20
Rashida van der Kringle,Rashida.Kringle@kandk-hair.co,d8f4ad19ce516d0c,1964/8/23
Tia Greenidge,Tia.Greenidge_754@kandk-hair.co,d2e0b271ae7537ce,2005/04/01
Dwayne Forde,Dwayne.Forde@mail.kkhair.net,b2b2feb26f8a625e,1978/12/18
D’Andre Williams,DANDRE.WILLIAMS@mail.kkhair.net,e28187e934c3f700,1956/8/16
Zoë García,Zo.Garca_985@kkhairemporium.com,259ded8434b6c51e,1978/12/30
Dwayne Ramdeen,Dwayne.Ramdeen@MAIL.KKHAIR.NET,48fc835d36bbf8ac,1956/03/12
Kirsten Singh,Kirsten.Singh@mail.kkhair.net,6baf15402ef20d49,1956-08-03
 Jermaine Jean-Baptiste  ,Jermaine.Jean-Baptiste@loyalty.kkhair.com,e5c02effb76944a6,1966-08-20
Dwayne Best,Dwayne.Best@@mail.kkhair.net,5a7414a9d2df9dee,1961/02/14
Rohan Baptiste,Rohan.Baptiste.389@loyalty.kkhair.com,1c5a2afaa381ce30,1955-09-17
 Jermaine Williams  ,JERMAINE.WILLIAMS@loyalty.kkhair.com,4cafa16209e280ff,1971/05/11
D’Andre O'Connor Williams,DAndre.Williams@loyalty.kkhair.com,579ec8d25c286c73,1990/06
 Renée Forde  ,Rene.Forde@kkhairemporium.com,1ab91f25c3a95f01,2006/06
Zoë Singh,ZO.SINGH@loyalty.kkhair.com,f0d6044577b4ef3b,1972/05/24 
Latoya Brathwaite,Latoya.Brathwaite@kkhairemporium.com,dff88fd26edc6c9c,1976/09/24
Latoya Grant,LATOYA.GRANT@loyalty.kkhair.com,d0fd528bfe7dc0a3,1963/05/10
Sofía Alleyne Greenidge,Sofa.Greenidge@mail.kkhair.net,2fabf745101a0a9b,1994/04
Jéssica Dottin,Jssica.Dottin@loyalty.kkhair.com,f6ed71fe77dcd0ff,1984/03/28
Kareem Williams,Kareem.Williams@loyalty.kkhair.com,a2e190faa60b6caf,2001/10
Latoya Jean-Baptiste,LATOYA.JEAN-BAPTISTE@kandk-hair.co,86d3de56cdad1cff,1986/05/23
D’Andre Brathwaite,DAndre.Brathwaite@loyalty.kkhair.com,2b1e973cc03d32ab,1994-03-07
Tia  Jean-Baptiste,Tia.Jean-Baptiste@ loyalty.kkhair.com,c9f459ba3f177b29,1971/7/4
Jamal Grant Singh,JAMAL.SINGH@mail.kkhair.net,079c353b13c8a8dc,1988/03/02
Andre van der Kringle,ANDRE.KRINGLE_668@kandk-hair.co,883b5d89b4d9b823,1996/07/12
Shanice Pérez,Shanice.Prez_334@LOYALTY.KKHAIR.COM,bb20b84b4fa0bc18,2002/02/25
Kirsten Baptiste,Kirsten.Baptiste@mail.kkhair.net,498626dfbf5cd80a,1992/12/02
D’Andre De la Cruz,DANDRE.CRUZ-287@kkhairemporium.com,82a20cd0d57cb1ZZ,1991/10/26
Dwayne Morris Hernández,Dwayne.Hernndez@kkhairemporium.com,5391e7f61e286060,1968-11-28
Jamal Hernández,JAMAL.HERNNDEZ@kandk-hair.co,b972c9b8e11f58d6,2001/12
D’Andre Campbell,DANDRE.CAMPBELL_215@#.kandk-hair.co,0d55c162c84cc773,1981-04-09
Mikaël St. Clair-Jean-Baptiste,Mikal.Clair-Jean-Baptiste@kandk-hair.co,045cf31cdad05956,1994/12/28
Kofi St. Clair,Kofi.Clair@mail.kkhair.net,83599b9de626e2f8,1955/01/18
Jermaine Thompson,Jermaine.Thompson@KKHAIREMPORIUM.COM,2a94c1e4923d8685,1961/04/03
Kofi Williams,Kofi.Williams@@kkhairemporium.com,9336f379d730f1fd,1983/10/27
Jamal De la Cruz,JAMAL.CRUZ@kandk-hair.co,e80b50ab1bf428e4,2000-05-02
Keisha Dottin,Keisha.Dottin@loyalty.kkhair.com,b06bd3d5e382685f,1999/05
Dwayne Williams,Dwayne.Williams@kandk-hair.co,ebe473d24427a332,1973-08-12
Andre Dottin,ANDRE.DOTTIN@domain_with_space.KKHAIREMPORIUM.COM,6e2b372e98706e8e,1975/10/02
Khadija Williams,Khadija.Williams_798@kkhairemporium.com,,
Latoya Ramdeen,Latoya.Ramdeen@kandk-hair.co,949d8f74ba1da40a,1974/08/20
Tanesha Brathwaite,Tanesha.Brathwaite@kkhairemporium.com,80513cfa71027829,1986/04/27
D’Andre Thompson,DAndre.Thompson@loyalty.kkhair.com,353cb5b13ba0973a,1994/05/27
Tia Johnson,Tia.Johnson@mail.kkhair.net,5ea2899009ca8c74,1980/12/11
Jermaine Johnson,Jermaine.Johnson@mail.kkhair.net,f0bdea30bd6df198,1997/11/01
José Singh,Jos.Singh-646@kandk-hair.co,50a0a60e5ff44fca,2004/11/28
Andre Baptiste,Andre.Baptiste@mail.kkhair.net,5b13c2bdf1f461ZZ,1972/08
Chloë Holder,Chlo.Holder@loyalty.kkhair.com,b3240671bcdd8469,2005/01/10
Renée Pérez-Greenidge,Rene.Prez-Greenidge@loyalty.kkhair.com,825de5ff8fc2190e,1969/11/02
Keisha Williams,KEISHA.WILLIAMSmail.kkhair.net,2203a9bce727f112,1996/5/16
 Keisha García  ,Keisha.Garca@KANDK-HAIR.CO,a287a18f22019a12,1976/09/30
 Tyrone Brathwaite  ,Tyrone.Brathwaite-886@loyalty.kkhair.com,3393c1b02fabf15c,2004/03/14
Renée Best,RENE.BEST@MAIL.KKHAIR.NET,c2e01d287dbf47ec,1964/05/26
Khadija van der Kringle,KHADIJA.KRINGLE@MAIL.KKHAIR.NET,5e5bf76de81351b8,1996/09/29
D’Andre Forde,DAndre.Forde.408@kandk-hair.co,4cbc6c14b7cf6414,1979/10/02 
Khadija Grant,Khadija.Grant@kandk-hair.co,7fb099e1a718f04f,2006-10-05
Aaliyah Baptiste,Aaliyah.Baptiste@kkhairemporium.com,136a58e22efb0b36,1965/10/19
Tyrone Pérez,TYRONE.PREZ@mail.kkhair.net,36f6924a27dc96d9,1993/05/10 
Rashida Greenidge,Rashida.Greenidge@kandk-hair.co,73c04a04f080097d,1993/06/18
Jéssica Joseph,JSSICA.JOSEPH@mail.kkhair.net,ce52dc00cc25f195,2003/10/31
Zoë Clarke,Zo.Clarke@loyalty.kkhair.com,0ddd91af970f06e5,1985/01/01
Rohan St. Clair Jean-Baptiste,Rohan.Jean-Baptiste@mail.kkhair.net,90e8c803aee9dc43,1998/08/01
José Best,JOS.BEST-793@loyalty.kkhair.com,8dd5dd217bcbf819,1962/02/08
Devon Pérez,DEVON.PREZ@,c4f950a54ae61f65,1990/08/08 
Kirsten Núñez,Kirsten.Nez@mail.kkhair.net,bb6fabfa5182ba55,1959/06/18
José van der Kringle,Jos.Kringle@MAIL.KKHAIR.NET,e995572c84344dbb,1997/02/24
Jéssica Campbell,Jssica.Campbell@mail.kkhair.net,e8a0f63452325c94,2000-10-31
Tia De la Cruz,TIA.CRUZ@kandk-hair.co,7effa56d6c39b883,2003/12/04
Anaïs O'Connor,ANAS.OCONNOR@kandk-hair.co,1430015fd9be10b3,1984/03
Dwayne De la Cruz,Dwayne.Cruz@MAIL.KKHAIR.NET,399883c8ac586804,1995/01/30
Keisha van der Kringle,Keisha.Kringle@kkhairemporium.com,8780205cbaec9ebd,1990/06/03 
Anaïs Johnson,ANAS.JOHNSON@mail.kkhair.net,2d461c3b1f31dc3c,1974/10/05
 Tanesha Singh  ,TANESHA.SINGH@kandk-hair.co,ccd5e85701e2a8fa,1986-11-04
Jéssica García,Jssica.Garca@kkhairemporium.com,32b327c008e19d99,1960/05/19
Renée Morris,Rene.Morris@LOYALTY.KKHAIR.COM,0ab4808ffaf590ZZ,1987-10-16
Noël Joseph,NOL.JOSEPH@KKHAIREMPORIUM.COM,5d57bb8688527033,1985/05/27
Anaïs Brathwaite,Anas.Brathwaite@#.LOYALTY.KKHAIR.COM,,
Sofía St. Clair,SOFA.CLAIR@kkhairemporium.com,cd6f27ef00a75254,1975/01/03
Devon De la Cruz,DEVON.CRUZ@mail.kkhair.net,5fbf317d60bcad5a,1989/05/22
Shanice  Campbell,Shanice.Campbell@loyalty.kkhair.com,6722197971ffac85,1965/11/26
Khadija Johnson,Khadija.Johnson@kandk-hair.co,230b73102e5a27c5,2003/09/26
Rashida Clarke,RASHIDA.CLARKE@@loyalty.kkhair.com,8c3f71b2a36740ce,1968/6/10
Sade  Jean-Baptiste,Sade.Jean-Baptiste@kkhairemporium.com,078bb9c9513304%^,1986-03-24
Chloë Grant,Chlo.Grant@mail.kkhair.net,fc92894f3e9a629b,1986-11-10
D’Andre Singh-Joseph,DAndre.Singh-Joseph@,b5aa62682ed550b9,1999/02/13 
 Kofi van der Kringle  ,Kofi.Kringle@kandk-hair.co,ebc5a18b12974be0,2006/12/10
Andre Dottin,Andre.Dottin@kkhairemporium.com,7903dfec4230a0f3,1958/02/21
Latoya Best,LATOYA.BEST-185@mail.kkhair.net,ca3827960ec74ec2,1993-09-15
Tanesha Thompson,Tanesha.Thompson@kkhairemporium.com,68ef7b938abd9e62,1990/07/26
Latoya Joseph,Latoya.Joseph@kkhairemporium.com,e68c1e6d6286226e,1968/08/11
Zoë Baptiste,Zo.Baptiste@kandk-hair.co,526cf2d17792fec0,1999/3/29
Jermaine Singh,Jermaine.Singh@kandk-hair.co,59d32ad571cf028c,1962/8/5
Anaïs Greenidge,Anas.Greenidge_823@kandk-hair.co,d87dc77fbd28b7af,1999/06/30
Andre  Grant,Andre.Grant@MAIL.KKHAIR.NET,307ed65907096f82,1994/03/18
Aaliyah De la Cruz,AALIYAH.CRUZ@kkhairemporium.com,0f0ac1aaf6931c00,1989/01/18
Noël Singh,Nol.Singh@LOYALTY.KKHAIR.COM,3ea193906d79e8a3,1990-01-07
Sade  García,Sade.Garca_351@#.mail.kkhair.net,,
Jermaine Alleyne,Jermaine.Alleyne@mail.kkhair.net,a191998e85e1e4b9,1968/07/04
Rashida Hernández Brathwaite,Rashida.Brathwaite_574@loyalty.kkhair.com,5acef9c72ff2c5dd,2002/04/29
Tia Holder,Tia.Holder-231@mail.kkhair.net,1257850050b7ca09,1990/10/31
José Pérez,Jos.Prez@kandk-hair.co,5b1d9206292f75db,1974/1/6
Anaïs Dottin,Anas.Dottin@kkhairemporium.com,279ea2781e82a0b4,1959/08/25
Marlon Johnson,Marlon.Johnson@loyalty.kkhair.com,1ff70a60178655%^,1987/09/07
Renée Holder-Ramdeen,Rene.Holder-Ramdeen@kandk-hair.co,02db9c0e9ad5ace0,1969/01/16
Sofía Charles,Sofa.Charles_306@loyalty.kkhair.com,032516cf52c84d2c,1992/9/15
Aaliyah Forde,Aaliyah.Forde-303@kkhairemporium.com,9c88f31c1c1de7fe,1969-10-05
Jermaine Dottin,Jermaine.Dottin@kandk-hair.co,6109a66860850e%^,1997/01/15 
D’Andre Browne,DAndre.Browne@kkhairemporium.com,71caef4234e3c303,1995/09/20
Jamal Grant,Jamal.Grant@mail.kkhair.net,b2cc1757f0380b1e,1961/11/17 
Jéssica Grant,Jssica.Grant@@kkhairemporium.com,6d7ad1fe79f4983d,1967-12-10
Kirsten  De  la  Cruz,Kirsten.Cruz@loyalty.kkhair.com,ecc78083e88eda54,1990/12/26
Shanice van der Kringle-García,Shanice.Kringle-Garca@kkhairemporium.com,9548b493c06b793f,1986/8/28
Mikaël St. Clair Johnson,Mikal.Johnson@mail.kkhair.net,60551c83ca9147ed,1966/05/16
Renée Jean-Baptiste,RENE.JEAN-BAPTISTE.254@kkhairemporium.com,2d556ecc53b82b21,1966/05/20
 Sade Holder  ,Sade.Holder@kandk-hair.co,fb604d28192dea51,2000/07/29
Noël Browne,Nol.Browne@loyalty.kkhair.com,44abbd08d003a346,1968/9/1
Kareem Pérez,Kareem.Prez@mail.kkhair.net,311d78e9208414__,1997/10/08
Zoë Best,Zo.Best@kandk-hair.co,b4899e0939b1ac66,1993/05/06
Renée Thompson,Rene.Thompson.630@mail.kkhair.net,e96c180a4e387d8f,1973/06/08
Dwayne Thompson,Dwayne.Thompson_927@mail.kkhair.net,f9149abedab35d__,1976/09/09
Dwayne Holder,Dwayne.Holderkandk-hair.co,1463e81421c0fc79,1973/8/17
Tanesha De la Cruz,Tanesha.Cruz@kkhairemporium.com,f4581ab71c237008,2002/08/16
Jéssica Williams,Jssica.Williams@loyalty.kkhair.com,eb03ea0adcba1cac,1999/07/29
Zoë Jean-Baptiste,Zo.Jean-Baptiste.817@,38049a9448459704,1966/10/19
Chloë Baptiste,Chlo.Baptiste@loyalty.kkhair.com,e11c77c14f63adf5,1998/12/13
Noël Campbell,NOL.CAMPBELL@loyalty.kkhair.com,9a5548bce077b18d,1971/12
Devon van der Kringle,Devon.Kringle@kkhairemporium.com,2d99ce9eb5387b__,1989/03/07
Anaïs Lewis,ANAS.LEWIS@kkhairemporium.com,d297916f2b486312,1991/11/24
Dwayne Grant,Dwayne.Grant@mail.kkhair.net,9433f90088211e56,1981/04/29
Shanice Pérez,Shanice.Prez@MAIL.KKHAIR.NET,0b384ef142a7c33a,1962/02/10
 Latoya Thompson  ,Latoya.Thompson@loyalty.kkhair.com,77d13072381035e3,1967/03/06
Chloë Browne,Chlo.Browne@mail.kkhair.net,7cee20f04817b276,1963/09/17
Andre Hernández,Andre.Hernndez@domain_with_space.kkhairemporium.com,f6d0d766b1cccfd0,1985/07/15 
Dwayne Pérez-Ramdeen,DWAYNE.PREZ-RAMDEEN@MAIL.KKHAIR.NET,396df80742ee823f,1984/11/10 
Kirsten Baptiste,Kirsten.Baptiste@mail.kkhair.net,51e106f203074047,1963/09/09
Andre Lewis,Andre.Lewis@mail.kkhair.net,15c059dba42acc86,1995/05/09
Khadija Brathwaite,Khadija.Brathwaite@mail.kkhair.net,53dfc0d120cdae59,1988/02/25
Jéssica Clarke,JSSICA.CLARKE@kkhairemporium.com,319fd02b1778a254,1977/07/24 
Kareem García,Kareem.Garca@mail.kkhair.net,66c2858f82b2d74a,1960/10/10
 Noël Núñez  ,Nol.Nez@ mail.kkhair.net,ad4e7fffca80479f,1980/05/26 
Shanice Campbell,Shanice.Campbell@kandk-hair.co,8fcb602ec5e187a4,2001/08/08
Andre Williams,Andre.Williams@@kkhairemporium.com,e6f2ad3c52f6cf27,1999/06
Aaliyah Núñez,AALIYAH.NEZ@domain_with_space.kandk-hair.co,56a4106927e78a84,1997/11/29
 Anaïs Jean-Baptiste  ,Anas.Jean-Baptisteloyalty.kkhair.com,52135a9cea29bef1,1998-01-26
Khadija Best,Khadija.Best@loyalty.kkhair.com,42258e86a1df516f,1965-08-24
 Andre Campbell-Dottin  ,Andre.Campbell-Dottin@loyalty.kkhair.com,bf865333b8a42f3c,1959/03/27
Kirsten García,Kirsten.Garca@kandk-hair.co,60b75bd5909f18d8,1984/8/24
Kofi Jean-Baptiste,Kofi.Jean-Baptiste@loyalty.kkhair.com,af616f06ef6241bd,1982/06/10
 Keisha Baptiste  ,Keisha.Baptiste@loyalty.kkhair.com,7c4abd28834e1216,1965/11/14 
Khadija Forde,KHADIJA.FORDE_727@kandk-hair.co,7576c939799c550f,1960/1/2
Aaliyah Forde Charles,Aaliyah.Charles_853@loyalty.kkhair.com,d87a443f64948f51,1957/01/07
  Andre  Thompson  Williams    ,Andre.Williams_68@loyalty.kkhair.com,44ff04d19ecfe5bc,1994/02/13
Sade Morris,Sade.Morris_68@kandk-hair.co,d2dcf99df1f33a23,1999/04/30
Zoë Ramdeen,Zo.Ramdeen@MAIL.KKHAIR.NET,98114f885897e6cc,1959/9/6
Kareem St. Clair,Kareem.Clair@kkhairemporium.com,1fe19ba6002f6383,1970/06/09
Sofía van der Kringle,Sofa.Kringlekandk-hair.co,c1e5ca5138ed1de7,1988-07-19
Sofía Lewis-Núñez,Sofa.Lewis-Nez@kkhairemporium.com,cf5d0adb72868551,1959/03/10
Mikaël St. Clair,MIKAL.CLAIR@KKHAIREMPORIUM.COM,546efa1890c7588c,1991-10-06
Renée  Alleyne-Best,RENE.ALLEYNE-BEST@MAIL.KKHAIR.NET,ad57e58c8ac09b22,1957/10/24
Keisha Alleyne,KEISHA.ALLEYNE.146@loyalty.kkhair.com,0f679166f6c3b5cd,1989/04/27
Tanesha Baptiste,Tanesha.Baptiste@KANDK-HAIR.CO,4d8a85fd477c6490,1970/08/07
Jermaine Williams,JERMAINE.WILLIAMS-369@loyalty.kkhair.com,13c65e8b32ca2d0c,1981/07/27
Rohan O'Connor,Rohan.OConnor@mail.kkhair.net,edbb2cdec1546c89,2006/06/09
José Hernández,Jos.Hernndez-135kkhairemporium.com,5b7a0675f309a6a2,1983/07/07
Noël Thompson,Nol.Thompsonloyalty.kkhair.com,be3d32d5b9639a7d,1972/12
Kirsten Singh,KIRSTEN.SINGH@kandk-hair.co,eeac8f8034bb73ea,1955/2/9
 Chloë Morris  ,Chlo.Morris@kkhairemporium.com,,
Rohan  Singh,Rohan.Singh@loyalty.kkhair.com,,
Devon Clarke,Devon.Clarke@kkhairemporium.com,4414a26005b1229e,1994/12
Marlon Thompson,Marlon.Thompson@loyalty.kkhair.com,d1c8816b793ff669,1975/12/20
Jamal  De  la  Cruz,JAMAL.CRUZ@kkhairemporium.com,e5c7c5905784172f,1961/10/3
Anaïs Thompson,Anas.Thompson@loyalty.kkhair.com,0e81b3e06453eea1,1977/07/13
Kareem Hernández,Kareem.Hernndez_506@mail.kkhair.net,535f9d53669bb5bc,1990/09
Kirsten Ramdeen,Kirsten.Ramdeen@kkhairemporium.com,4ade095d8cfb119c,1955/08/09
Aaliyah  Dottin,Aaliyah.Dottin@loyalty.kkhair.com,f2a34a8b7a77a92d,1974/12/29
Jéssica Forde,Jssica.Forde@mail.kkhair.net,9b8520950925da81,2004/02/03
Jéssica Holder,Jssica.Holder@kandk-hair.co,3bc80d05fd30057b,1967-05-03
Zoë Charles,Zo.Charles@KKHAIREMPORIUM.COM,387582e0e34ffd77,1998/07/16
Jamal Best,Jamal.Best@kkhairemporium.com,3737ff868171af5a,1963/02/25
Aaliyah Morris,Aaliyah.Morris@mail.kkhair.net,8ca04298b88e4b9e,1959/12/10
D’Andre Grant,DAndre.Grant@mail.kkhair.net,942737dfa876fff4,1994/08/04
Sofía Williams-Brathwaite,Sofa.Williams-Brathwaite@KKHAIREMPORIUM.COM,6ebb5d7528b31b23,1979/04
Jermaine Williams,JERMAINE.WILLIAMS@KANDK-HAIR.CO,970f598f70f3425b,2003/06/02
Rohan Forde,ROHAN.FORDE@ loyalty.kkhair.com,04eec13473c4afZZ,1956/09
Rashida Browne,Rashida.Browne@domain_with_space.LOYALTY.KKHAIR.COM,5b545a9ca8fc72d2,1986/10/01
Tia Forde,Tia.Forde@loyalty.kkhair.com,,
José Joseph,Jos.Joseph@loyalty.kkhair.com,b95196c5fac8fa1e,1993/09/04
Mikaël Campbell,Mikal.Campbell@kkhairemporium.com,1b6517c270299d83,1998/04
José Baptiste Greenidge,Jos.Greenidge@,cef910e1264bcc20,1955/04/16
Andre Brathwaite,Andre.Brathwaite@kkhairemporium.com,df2139922d7544b3,1978/01/30
José Lewis,Jos.Lewis@kandk-hair.co,4d67b573ea9ef3ZZ,1990-12-10
Kofi Best,Kofi.Best@mail.kkhair.net,9dbee37e3b685e65,1996/08/25
Zoë Clarke,Zo.Clarke@loyalty.kkhair.com,dbfb94070367ec22,1995/12/29
 Sade Morris  ,SADE.MORRIS@loyalty.kkhair.com,0cac94ed605c65ce,1975/04/22
Tyrone Ramdeen,Tyrone.Ramdeen@mail.kkhair.net,a91b9f879fa4f59a,1996/02/10
Jermaine Joseph,Jermaine.Joseph@kkhairemporium.com,5bc6ef635b59bf13,1963/07/10
Marlon Charles,Marlon.Charles@kandk-hair.co,63d2404df94ffa3a,1994/06/14
Keisha Brathwaite,KEISHA.BRATHWAITE@kkhairemporium.com,b3a542dbc261e7e2,1981/02/07
Mikaël Holder,MIKAL.HOLDER@kandk-hair.co,cdd1cb0b4d21ddbb,1973-10-07
Andre  Clarke-Johnson,Andre.Clarke-Johnson@kkhairemporium.com,2ebed031dea44d49,1962/10/05 
Jamal Campbell,Jamal.Campbell@mail.kkhair.net,da3c63e5f3a86d52,1972/7/7
Tyrone Johnson,TYRONE.JOHNSON@KANDK-HAIR.CO,a269cb1dadd7f89f,1962/01
Chloë Morris,Chlo.Morris@mail.kkhair.net,106817a5f3f64162,1994/03/21
Keisha Greenidge,Keisha.Greenidge.56@mail.kkhair.net,ccd940075ca171a4,1963/9/2
Rashida Lewis,RASHIDA.LEWIS.605@mail.kkhair.net,c436a9ac2873b669,2006/09/16
Zoë Campbell,ZO.CAMPBELL_300@mail.kkhair.net,842a2fa0fd727481,1979/08/15
Kirsten Browne,Kirsten.Browne@mail.kkhair.net,ed589a5e96007f1d,1980/09/25
Latoya Holder,Latoya.Holder@loyalty.kkhair.com,5beb08245dc97b08,1983/04/12 
Latoya Forde Browne,Latoya.Browne@mail.kkhair.net,4b3e6d3cb547a1f7,1999/01
Renée van der Kringle,Rene.Kringle@mail.kkhair.net,f81d584c317748ff,1986-06-01
Rashida Holder,RASHIDA.HOLDERloyalty.kkhair.com,09e7bfb879a7c9c3,1998/09/20
 Jermaine Dottin  ,Jermaine.Dottin@mail.kkhair.net,010c2bbb75488abd,1974/01
Devon Núñez Clarke,DEVON.CLARKE@kkhairemporium.com,32e60c7428a4ec__,1971/10/14
Shanice Singh,Shanice.Singh@loyalty.kkhair.com,acc4701bc098c3b0,1967/06/06
José Campbell,JOS.CAMPBELL@,7523214dd47fe637,1977-05-14
Tia Hernández,Tia.Hernndez.982@LOYALTY.KKHAIR.COM,b12a87ae31fe8393,1965/03/29
Dwayne Jean-Baptiste,DWAYNE.JEAN-BAPTISTE@mail.kkhair.net,55cd893c39c57c6a,1960/05/13
Rohan Grant,ROHAN.GRANT_767@kandk-hair.co,a8636af90e9e80e6,1968/08/03
Sade Forde,SADE.FORDE_527@mail.kkhair.net,399a67fb503bc38d,1964/10/17 
Chloë Johnson,CHLO.JOHNSON@loyalty.kkhair.com,d21872c94e5601e0,1989/7/22
Marlon St. Clair,Marlon.Clair-228@,45db861b6e69b36b,1993/12/19
Kofi Singh,Kofi.Singh@kkhairemporium.com,55686be6a9b54a2f,1998/8/12
 Jéssica Greenidge-Forde  ,Jssica.Greenidge-Forde_660@mail.kkhair.net,7d64b4b9616a7a52,1998/12
Mikaël Johnson,MIKAL.JOHNSON@kandk-hair.co,8a6f3a18a3cfef12,1986/08/31
Jermaine Forde,Jermaine.Fordeloyalty.kkhair.com,d2b0fdfc6339e8c3,1962/06/28
Andre Williams,Andre.Williams@mail.kkhair.net,cb9620abef21614e,1992-03-04
Kareem St. Clair,Kareem.Clair@kkhairemporium.com,9390b1b0278f85c7,1977-11-05
Tyrone Holder,Tyrone.Holder@mail.kkhair.net,cc3851f050e0d7b3,1983/07/18
Jermaine Dottin,Jermaine.Dottin@kandk-hair.co,5acd8e826723b2d7,2003/05/23
Rohan Jean-Baptiste,Rohan.Jean-Baptiste@loyalty.kkhair.com,a69a5e68dbeea77b,1999-07-08
Mikaël  Brathwaite  Best,Mikal.Best-585@kkhairemporium.com,c8a96cfdfdf9cf5c,1991/08/20
Kareem Best,Kareem.Best@loyalty.kkhair.com,c2920cc2b565ae1a,1958/11/19
Chloë García,Chlo.Garca@KKHAIREMPORIUM.COM,477b2337ff7e5eec,2002/11/10
Chloë Grant,CHLO.GRANT@mail.kkhair.net,760a0e8a19975e35,1955-07-15
Mikaël O'Connor,MIKAL.OCONNOR-421@kandk-hair.co,7af23d98dd8f3651,1964/01/06
Tia Joseph,Tia.Joseph@kkhairemporium.com,e3c5e8ee22679fe1,1962-12-17
Anaïs O'Connor,Anas.OConnor@mail.kkhair.net,83b226160ecc2f0c,1964/07/14
Sade Holder,SADE.HOLDER@kandk-hair.co,1cdc7e43b6b819f1,1987/11/08
José Brathwaite,Jos.Brathwaite@mail.kkhair.net,076b81d2d6086845,1999/07/01
Kareem Charles,KAREEM.CHARLES@domain_with_space.kkhairemporium.com,4e08c6c236d86c4d,1992-03-14
Jermaine Núñez,Jermaine.Nez@kandk-hair.co,2ceb03736e1e82ZZ,1979/10/21
Sofía Dottin,SOFA.DOTTIN@kandk-hair.co,97521a9cd3fe61f0,1961/10/25
Tia O'Connor,TIA.OCONNOR_744@KKHAIREMPORIUM.COM,1be5fbd45053ea56,1956/12/18
Latoya Singh,Latoya.Singh@@kandk-hair.co,9dbaebc9b2584e78,1966/06/07
Dwayne Charles,Dwayne.Charles@mail.kkhair.net,5ffd1dce950a0af9,1967/12/10
D’Andre Johnson,DAndre.Johnson@kkhairemporium.com,48cba4bfe6a3c740,1971/02
Jermaine De la Cruz,JERMAINE.CRUZ_235@kkhairemporium.com,08cf64ea8ad4f3ZZ,1978/04/10
Devon Charles,DEVON.CHARLES@kandk-hair.co,152a34b26c81a93c,1969/10/26
Jéssica Jean-Baptiste,Jssica.Jean-Baptiste@loyalty.kkhair.com,df71ba52d8ad4486,1967/03/21
Latoya García,Latoya.Garca@kandk-hair.co,f631495c9ad78d9b,1963/12/06
Aaliyah Johnson,Aaliyah.Johnson@kandk-hair.co,46a05223f0101454,1987/03
Noël Charles,Nol.Charles@kkhairemporium.com,bed15e63d07b14ZZ,1966/05/12
Dwayne Clarke-Núñez,Dwayne.Clarke-Nez@mail.kkhair.net,77fd54678a13a83f,1988/02/10
Keisha Grant-Best,KEISHA.GRANT-BEST@kandk-hair.co,63746f1888ca0362,1987/11/30
Renée Morris Greenidge,RENE.GREENIDGE@mail.kkhair.net,0d093dc0bcc32542,1998/2/19
Renée Alleyne,Rene.Alleyne@kandk-hair.co,106b1ebc78931b79,2004/01
Renée  Johnson,Rene.Johnson-893@kandk-hair.co,0027715380802275,2005/02/10
Kareem Hernández,Kareem.Hernndez@mail.kkhair.net,4cbd3fc24ccd3c5e,1957/05/28
Sade Morris,Sade.Morris@kandk-hair.co,cae1e7b8c0b42eZZ,1955/04/10
Latoya García,Latoya.Garca@kkhairemporium.com,f9e09cf33e59ac78,1988/07/10
Noël Jean-Baptiste,Nol.Jean-Baptiste@KKHAIREMPORIUM.COM,045273c1a169c32f,1963/01/24
 Chloë Best  ,Chlo.Best.422@loyalty.kkhair.com,a022db7c8e0cddff,1963/11/21
Tanesha Morris,Tanesha.Morris.264@mail.kkhair.net,878f0350b13c6747,1990-01-30
Aaliyah Jean-Baptiste,Aaliyah.Jean-Baptiste@KANDK-HAIR.CO,477a376b62b7bd5e,1982/11/29
Aaliyah García,AALIYAH.GARCA@domain_with_space.kkhairemporium.com,6c25a839a4f8fb08,1980/05/23
Anaïs Lewis,Anas.Lewis@LOYALTY.KKHAIR.COM,d55096ee389f5984,1986/04
Tanesha Dottin,TANESHA.DOTTIN@kkhairemporium.com,7a865d1755910e%^,2002-12-03
Keisha Dottin,KEISHA.DOTTIN@kkhairemporium.com,b034ad86874edf2a,1971/07/09
Kofi Williams,Kofi.Williams@LOYALTY.KKHAIR.COM,32a9433a834caa3f,1990/05/04
Jéssica Lewis,Jssica.Lewis.623@kkhairemporium.com,8609811210dac266,1972-02-08
Devon Johnson,Devon.Johnson@loyalty.kkhair.com,bb662bdca878e34d,2001/02/09
Tyrone Campbell,TYRONE.CAMPBELL@kkhairemporium.com,d0184bedaf25a89b,1994/07/07
D’Andre Ramdeen,DAndre.Ramdeen@mail.kkhair.net,b2348b1fe7d7a1d1,2006-01-12
 Tyrone Pérez  ,Tyrone.Prez@domain_with_space.kandk-hair.co,a718cf90e3b7732a,2000/06
Rohan van der Kringle,Rohan.Kringle_445@KKHAIREMPORIUM.COM,366902f298abfdcc,1973/02/02
Sofía Williams,SOFA.WILLIAMS@mail.kkhair.net,5e061dfd84132fZZ,1965-04-17
Tyrone Greenidge,Tyrone.Greenidge@,,
Rashida Grant,Rashida.Grant@loyalty.kkhair.com,762874ec9c346ba8,1968/03/19
Jamal García,Jamal.Garca@kandk-hair.co,b328d4eacd52fc5e,1970/11/22
Marlon Charles,MARLON.CHARLES_672@kandk-hair.co,592fdde1c655cdZZ,1955/08/23
Jamal Browne,Jamal.Browne@loyalty.kkhair.com,328af50bba753cab,1968/10/29
Mikaël Alleyne,Mikal.Alleyne@loyalty.kkhair.com,d383d7e0e5f840__,1981/05/11
Aaliyah Hernández,Aaliyah.Hernndez@kkhairemporium.com,36e12c909fc7709f,1963/12/23
Rohan De la Cruz,Rohan.Cruz.117@kkhairemporium.com,5ad7865a20320563,2006/04/13
Tanesha Brathwaite,Tanesha.Brathwaite@domain_with_space.KKHAIREMPORIUM.COM,9e15c3a9ccd40f5e,1976/02/16
Dwayne Lewis Williams,Dwayne.Williams@loyalty.kkhair.com,5c0d04740005f0df,2004-07-18
Anaïs Thompson,ANAS.THOMPSON_507@kandk-hair.co,5566459dc3e213c6,1964/12
Rohan Morris,Rohan.Morris@kkhairemporium.com,cfbbef2ae777a76f,1958/05
D’Andre Singh,DAndre.Singh@loyalty.kkhair.com,,
Jamal Hernández,Jamal.Hernndez@LOYALTY.KKHAIR.COM,7e734b083fbe7454,1998/02/24
Jéssica Lewis,Jssica.Lewis@mail.kkhair.net,e5aae7031f4a9570,1997/08/25
Jermaine Greenidge,Jermaine.Greenidge@kkhairemporium.com,,
Renée Williams,Rene.Williams@loyalty.kkhair.com,e2e90dcce840c36f,2002/09/19
Keisha Browne,Keisha.Browne@kkhairemporium.com,6ad4997f558035%^,1977/01
Mikaël Baptiste,Mikal.Baptiste@loyalty.kkhair.com,08db7a281bc9b681,1963-11-26
Renée Browne,Rene.Browne@loyalty.kkhair.com,fe47cef60ea2d60c,1991/04/11
Kofi Forde,Kofi.Forde-766@ LOYALTY.KKHAIR.COM,22f9c6d71b8c1f08,1964/05/30
José Singh,Jos.Singh@kandk-hair.co,99f652fea9ae9fe0,2001/09/25
Tia Alleyne,TIA.ALLEYNE@loyalty.kkhair.com,7faa66772874b9a5,1970/08/06
Jermaine Charles-O'Connor,Jermaine.Charles-OConnor@kkhairemporium.com,3b6b6ea5f2ecc3c5,1972/01
Tanesha  Ramdeen,TANESHA.RAMDEEN@KANDK-HAIR.CO,f9207eb393c8dc56,1995/09/20
 Devon Holder  ,Devon.Holder@loyalty.kkhair.com,6f0e27d094243019,1998/07/10
 D’Andre Lewis  ,DAndre.Lewis@mail.kkhair.net,47a6a2eb419ef019,1955/08/27
Sade Morris,Sade.Morris@kandk-hair.co,071a92a516f31308,1974/05
Jermaine Alleyne,Jermaine.Alleyne@LOYALTY.KKHAIR.COM,de984552dc1b5638,1995-05-19
Keisha Núñez,Keisha.Nez@kandk-hair.co,c2bf707fa38946de,1956/11/22
 Rashida Joseph  ,Rashida.Joseph@kandk-hair.co,5851c1b23cfd0a87,1968/08/26
Aaliyah Campbell,Aaliyah.Campbell@kkhairemporium.com,22ce02f6b0a99b63,1974/12/12
Jéssica Hernández,Jssica.Hernndez@kandk-hair.co,8b8a91545efc0431,1993/12/01
Noël Dottin,NOL.DOTTIN@domain_with_space.loyalty.kkhair.com,,
Zoë Brathwaite,Zo.Brathwaite@kandk-hair.co,167f69b6b1143ad7,1991/02/23 
Latoya Baptiste,Latoya.Baptiste@KANDK-HAIR.CO,c59ee0b83281db8f,1963/07/31
Tyrone Williams,Tyrone.Williams@LOYALTY.KKHAIR.COM,c64b5397f6a51722,2001/03/05
Tyrone Alleyne,Tyrone.Alleyne.781@mail.kkhair.net,33f95c2944e909b2,1969/12/06
 Sofía Browne  ,Sofa.Browne@kandk-hair.co,be06a81c8457b8fc,1962/01/22
Tyrone Greenidge,Tyrone.Greenidge@KANDK-HAIR.CO,1d8d38c87bc13dda,1992/02/10
D’Andre Charles,DAndre.Charles-739@#.mail.kkhair.net,2da0e9c3418da9ac,1989/12
Latoya O'Connor Pérez,Latoya.Prez@@kandk-hair.co,9af80a1f9227446d,1983/01/02
Keisha Singh,Keisha.Singh.738@loyalty.kkhair.com,2fa6412120f5744f,1994/06/16
Sade  Charles,Sade.Charles@@kandk-hair.co,7e57920494b1ac%^,1969/02/22
Aaliyah Dottin,Aaliyah.Dottin@kkhairemporium.com,3fd5a3a4019d0b8d,1988/07/01
Marlon Browne,MARLON.BROWNE@#.kandk-hair.co,0d5e92bf165c183c,1975/03/01 
Kareem Campbell,Kareem.Campbell@loyalty.kkhair.com,256cbaca15400b69,2006/09/22
Zoë Greenidge,Zo.Greenidge-842@mail.kkhair.net,77ea63fa4c3558%^,2006/06
José Joseph,Jos.Joseph@kkhairemporium.com,fe5fd640bb2be08b,1971/12/07
 Jamal Lewis  ,JAMAL.LEWIS@KKHAIREMPORIUM.COM,bed52d689971a698,1997/12/14
Tia Campbell,TIA.CAMPBELL@mail.kkhair.net,905cbaa58b157730,2000/04/01 
Latoya Forde,Latoya.Forde@kkhairemporium.com,b8e67f15aabc6938,1986/09/18
Shanice Joseph,Shanice.Joseph@loyalty.kkhair.com,6b7f3539c71f11a6,1978/01
 Sade Williams  ,Sade.Williams.607@mail.kkhair.net,d4de25df126d22dc,1971/09/21
Tyrone Greenidge,Tyrone.Greenidge@kkhairemporium.com,f6bd7523e3c4cfe7,1965/07/05
 Jéssica Núñez  ,Jssica.Nez@kkhairemporium.com,cc7b4f7c00ebb080,1979-09-26
Jamal Núñez,JAMAL.NEZ@loyalty.kkhair.com,cd2da2fbdcd5cbf1,1974/08/05
Kareem Greenidge,Kareem.Greenidge@loyalty.kkhair.com,4d8ca4de8f32dd1f,1965/04/09
Shanice Singh,SHANICE.SINGH@mail.kkhair.net,ca8b5aa3ecad7d__,1970/11/09
Anaïs Clarke,Anas.Clarke.132@#.kandk-hair.co,d8d1cea0634ef1a6,2003/07/27
Mikaël Forde,Mikal.Forde@mail.kkhair.net,8f2795229e9ceaf7,1983-05-31
Andre Dottin,ANDRE.DOTTIN-160@MAIL.KKHAIR.NET,44276e08a16d0f59,1991-10-19
Rashida Núñez,RASHIDA.NEZ@kkhairemporium.com,,
Marlon Ramdeen,Marlon.Ramdeen@loyalty.kkhair.com,43050fef612a7057,1989/10/02
Tyrone St. Clair,Tyrone.Clair@KKHAIREMPORIUM.COM,a989b049d202c20f,1998/03/31
Keisha Greenidge,Keisha.Greenidge@,8725dddeebc9c6c7,1968-07-09
D’Andre Alleyne,DAndre.Alleyne@mail.kkhair.net,dd9ef647f5855277,1955/06/24
Tanesha Campbell,TANESHA.CAMPBELL-574@kkhairemporium.com,48394dac4d2c18c9,1957/06/06
 Khadija Grant  ,Khadija.Grant@mail.kkhair.net,ee9291d35ebc2091,1997/05/13
 Zoë Best  ,Zo.Best@KKHAIREMPORIUM.COM,dc40476c4f0cb726,2003/06/14
 Tyrone Grant  ,Tyrone.Grant-808@kkhairemporium.com,754bf1533dcc1552,2000/05/21
Dwayne Ramdeen,Dwayne.Ramdeen-659@kandk-hair.co,fdd02f5c39f70e90,1999/09/06
Rashida Grant,RASHIDA.GRANT-904loyalty.kkhair.com,d260475fc62c9f6e,1996/08/11
 Anaïs Lewis Morris  ,Anas.Morris@kandk-hair.co,d596d2411dfe5de3,1992/11/09
Kareem Núñez,Kareem.Nez-384@mail.kkhair.net,39841206940ce5__,1993/06/29
Mikaël Alleyne,Mikal.Alleyne@kkhairemporium.com,b0c78f6928c048__,1997/01/09
Zoë Baptiste,Zo.Baptiste@kandk-hair.co,526cf2d17792fec0,1999/3/29
Kofi Singh,Kofi.Singh@kkhairemporium.com,55686be6a9b54a2f,1998/8/12
Sade Joseph,Sade.Joseph@loyalty.kkhair.com,9cbd92a9d6a3eaf6,1961/02/05
Shanice Campbell,Shanice.Campbell@kandk-hair.co,8fcb602ec5e187a4,2001/08/08
 Chloë Best  ,Chlo.Best.422@loyalty.kkhair.com,a022db7c8e0cddff,1963/11/21
Dwayne Williams,Dwayne.Williams@kandk-hair.co,ebe473d24427a332,1973-08-12
Tyrone Pérez,TYRONE.PREZ@mail.kkhair.net,36f6924a27dc96d9,1993/05/10 
José Joseph,Jos.Joseph@kkhairemporium.com,fe5fd640bb2be08b,1971/12/07
Kareem Williams,Kareem.Williams@loyalty.kkhair.com,a2e190faa60b6caf,2001/10
Anaïs Charles,Anas.Charles.635@kandk-hair.co,8cd419af4f38e48c,1963/01/13
Kofi St. Clair,Kofi.Clair@mail.kkhair.net,83599b9de626e2f8,1955/01/18
Shanice Forde,SHANICE.FORDE@mail.kkhair.net,18363acf274360b9,2003/08/02
Kirsten  De  la  Cruz,Kirsten.Cruz@loyalty.kkhair.com,ecc78083e88eda54,1990/12/26
Keisha Singh,Keisha.Singh.738@loyalty.kkhair.com,2fa6412120f5744f,1994/06/16
Noël Best,Nol.Best@kkhairemporium.com,a57a3d675d8f2112,1996/09/23
Aaliyah  Dottin,Aaliyah.Dottin@loyalty.kkhair.com,f2a34a8b7a77a92d,1974/12/29
Devon Clarke,Devon.Clarke@kkhairemporium.com,4414a26005b1229e,1994/12
Mikaël Forde,Mikal.Forde@mail.kkhair.net,8f2795229e9ceaf7,1983-05-31
Dwayne Forde,Dwayne.Forde@mail.kkhair.net,b2b2feb26f8a625e,1978/12/18
Khadija Baptiste,KHADIJA.BAPTISTE@loyalty.kkhair.com,b4d419b1b673bd47,1970/11/19
Keisha Dottin,KEISHA.DOTTIN@kkhairemporium.com,b034ad86874edf2a,1971/07/09
Jermaine Charles-O'Connor,Jermaine.Charles-OConnor@kkhairemporium.com,3b6b6ea5f2ecc3c5,1972/01
Tyrone Forde,Tyrone.Forde@kkhairemporium.com,2b7fdd13888ad8__,1998/07
Renée Holder,RENE.HOLDER@loyalty.kkhair.com,c752344fd8be7e12,1958-06-08
 Latoya Brathwaite  ,Latoya.Brathwaite@mail.kkhair.net,cc18cabdda4b86f9,1995/05/12
Latoya García,Latoya.Garca@kandk-hair.co,f631495c9ad78d9b,1963/12/06
Anaïs Hernández,Anas.Hernndez@loyalty.kkhair.com,7f0348598d5d65b3,1980/11/27
Kareem Alleyne,Kareem.Alleyne@kandk-hair.co,4f98f1c6d2a4fca9,1968-12-06
D’Andre Brathwaite,DAndre.Brathwaite@loyalty.kkhair.com,2b1e973cc03d32ab,1994-03-07
Keisha Ramdeen,Keisha.Ramdeen@kkhairemporium.com,7d8949a229bee1e2,1971/01
